class_name,n_val,continuous_median_r2,continuous_frac_r2_ge_0p5,continuous_median_nrmse,binary_mean_accuracy,protocol_accuracy,categorical_exact_match
Benign,19999,-0.01884966121554843,0.3157894736842105,1.0093808306162488,0.993259662983149,0.9944497224861243,0.9112455622781139
BruteForce,1252,0.11387817185050464,0.45,0.9393313997983379,0.9785942492012779,0.9832268370607029,0.7092651757188498
DDoS,204993,0.9226967128821388,0.7142857142857143,0.27803468689690714,0.9992884309870745,0.9989511836989555,0.9904630889835263
DoS,66876,-0.039648450743549946,0.2857142857142857,1.0196315269466465,0.9990858703670475,0.9998803756205514,0.9870656139721276
Mirai,59996,0.7161907437863435,0.6111111111111112,0.5324372642465846,0.999837766962242,0.9991166077738516,0.9980332022134809
Recon,50353,0.8901312466106861,0.5714285714285714,0.3314645582702832,0.9975360620684632,0.9971004706770202,0.9683832145055905
Spoofing,37145,-0.0005117707267143778,0.38095238095238093,1.0002558526330723,0.9975662942522548,0.998896217525912,0.9666442320635348
Web,2380,-0.0004203446826398505,0.3684210526315789,1.0002101502597542,0.9850700280112045,0.9953781512605042,0.7987394957983194
OVERALL (weighted),442994,0.6185857753135133,0.570830659239888,0.5298402179785254,0.9985816211205271,0.9986320356483384,0.9810674636676795
