attack_class,method,metric,value,ci_low,ci_high,bandwidth,subsample_n,seed,bootstrap_seed,status,source_path,scaling
DoS,PGD,mmd2_fullspace,0.009039187376175484,-0.007435914216136813,0.08835598801699483,34.88028838984739,100,42,1141317922.0,ok,D:\thesis_final\results\attacks\attack_8class_pgd_0.30.npz,39-feature RobustScaler-transformed model space (data/processed/scaler.pkl); no additional feature scaling
DoS,CW,mmd2_fullspace,-0.0006764105665377773,-0.008406868578356236,0.06329471298173905,37.69347676686563,100,42,1463788864.0,ok,D:\thesis_final\results\attacks\attack_8class_cw_0.npz,39-feature RobustScaler-transformed model space (data/processed/scaler.pkl); no additional feature scaling
DoS,Latent-PGD,mmd2_fullspace,0.0689768364262372,0.014704496720580804,0.17786348206415395,33.85919928466366,100,42,3327435444.0,ok,D:\thesis_final\outputs\latent_attacks\phase2_20260602_023945_seed42\phase2_latent_pgd_DoS.npz,39-feature RobustScaler-transformed model space (data/processed/scaler.pkl); no additional feature scaling
DoS,Latent-CW,mmd2_fullspace,0.06942247017185721,0.014211110235218921,0.1864654010238284,33.71803387540425,100,42,878842720.0,ok,D:\thesis_final\outputs\latent_attacks\phase3_20260602_023958_seed42\phase3_latent_cw_DoS.npz,39-feature RobustScaler-transformed model space (data/processed/scaler.pkl); no additional feature scaling
DoS,cInput CPGD,mmd2_fullspace,N/A,N/A,N/A,N/A,N/A,N/A,,# TODO: canonical cInput run has outcomes but no full 39-feature adversarial vectors; the eight-sample exhibit is not used,D:\thesis_final\outputs\latent_attacks\constrained_input_baselines_20260602_032651_seed42,39-feature RobustScaler-transformed model space (data/processed/scaler.pkl); no additional feature scaling
DoS,cInput CCW,mmd2_fullspace,N/A,N/A,N/A,N/A,N/A,N/A,,# TODO: canonical cInput run has outcomes but no full 39-feature adversarial vectors; the eight-sample exhibit is not used,D:\thesis_final\outputs\latent_attacks\constrained_input_baselines_20260602_032651_seed42,39-feature RobustScaler-transformed model space (data/processed/scaler.pkl); no additional feature scaling
DDoS,PGD,mmd2_fullspace,-0.00822781871323397,-0.007120809684059487,0.02960950212518493,21.938276973855544,100,42,1994901214.0,ok,D:\thesis_final\results\attacks\attack_8class_pgd_0.30.npz,39-feature RobustScaler-transformed model space (data/processed/scaler.pkl); no additional feature scaling
DDoS,CW,mmd2_fullspace,-0.0004663553858885727,-0.0060089628226237144,0.04737607192652098,17.3283344576399,100,42,1183519464.0,ok,D:\thesis_final\results\attacks\attack_8class_cw_0.npz,39-feature RobustScaler-transformed model space (data/processed/scaler.pkl); no additional feature scaling
DDoS,Latent-PGD,mmd2_fullspace,0.010698625756241142,-0.004478493029728298,0.0681193370194804,51.859590597170566,100,42,605108402.0,ok,D:\thesis_final\outputs\latent_attacks\phase2_20260602_023945_seed42\phase2_latent_pgd_DDoS.npz,39-feature RobustScaler-transformed model space (data/processed/scaler.pkl); no additional feature scaling
DDoS,Latent-CW,mmd2_fullspace,0.009432894359520105,-0.00390712755137011,0.06622572723659931,49.42080443467596,100,42,75908222.0,ok,D:\thesis_final\outputs\latent_attacks\phase3_20260602_023958_seed42\phase3_latent_cw_DDoS.npz,39-feature RobustScaler-transformed model space (data/processed/scaler.pkl); no additional feature scaling
DDoS,cInput CPGD,mmd2_fullspace,N/A,N/A,N/A,N/A,N/A,N/A,,# TODO: canonical cInput run has outcomes but no full 39-feature adversarial vectors; the eight-sample exhibit is not used,D:\thesis_final\outputs\latent_attacks\constrained_input_baselines_20260602_032651_seed42,39-feature RobustScaler-transformed model space (data/processed/scaler.pkl); no additional feature scaling
DDoS,cInput CCW,mmd2_fullspace,N/A,N/A,N/A,N/A,N/A,N/A,,# TODO: canonical cInput run has outcomes but no full 39-feature adversarial vectors; the eight-sample exhibit is not used,D:\thesis_final\outputs\latent_attacks\constrained_input_baselines_20260602_032651_seed42,39-feature RobustScaler-transformed model space (data/processed/scaler.pkl); no additional feature scaling
Mirai,PGD,mmd2_fullspace,0.03475946460837287,-0.007251651366726441,0.14034689142812043,40.094182874363405,100,42,2507444010.0,ok,D:\thesis_final\results\attacks\attack_8class_pgd_0.30.npz,39-feature RobustScaler-transformed model space (data/processed/scaler.pkl); no additional feature scaling
Mirai,CW,mmd2_fullspace,0.002773885129070619,-0.00765118378589909,0.0696176473875439,42.82822866448547,100,42,1507829875.0,ok,D:\thesis_final\results\attacks\attack_8class_cw_0.npz,39-feature RobustScaler-transformed model space (data/processed/scaler.pkl); no additional feature scaling
Mirai,Latent-PGD,mmd2_fullspace,0.04444850202951134,0.014444973572647997,0.12276625314529677,38.52423015656541,100,42,1443121087.0,ok,D:\thesis_final\outputs\latent_attacks\phase2_20260602_023945_seed42\phase2_latent_pgd_Mirai.npz,39-feature RobustScaler-transformed model space (data/processed/scaler.pkl); no additional feature scaling
Mirai,Latent-CW,mmd2_fullspace,-0.0012644969043285048,-0.006754535720386129,0.05537284114535289,41.9372791517071,100,42,1055403264.0,ok,D:\thesis_final\outputs\latent_attacks\phase3_20260602_023958_seed42\phase3_latent_cw_Mirai.npz,39-feature RobustScaler-transformed model space (data/processed/scaler.pkl); no additional feature scaling
Mirai,cInput CPGD,mmd2_fullspace,N/A,N/A,N/A,N/A,N/A,N/A,,# TODO: canonical cInput run has outcomes but no full 39-feature adversarial vectors; the eight-sample exhibit is not used,D:\thesis_final\outputs\latent_attacks\constrained_input_baselines_20260602_032651_seed42,39-feature RobustScaler-transformed model space (data/processed/scaler.pkl); no additional feature scaling
Mirai,cInput CCW,mmd2_fullspace,N/A,N/A,N/A,N/A,N/A,N/A,,# TODO: canonical cInput run has outcomes but no full 39-feature adversarial vectors; the eight-sample exhibit is not used,D:\thesis_final\outputs\latent_attacks\constrained_input_baselines_20260602_032651_seed42,39-feature RobustScaler-transformed model space (data/processed/scaler.pkl); no additional feature scaling
BruteForce,PGD,mmd2_fullspace,-0.006037956943821143,-0.004173398858384902,0.018392027151101182,26.894348602599266,100,42,3189244460.0,ok,D:\thesis_final\results\attacks\attack_8class_pgd_0.30.npz,39-feature RobustScaler-transformed model space (data/processed/scaler.pkl); no additional feature scaling
BruteForce,CW,mmd2_fullspace,-0.006548037099582071,-0.0049652311228479355,0.017374180969383854,26.47985672368923,100,42,543773177.0,ok,D:\thesis_final\results\attacks\attack_8class_cw_0.npz,39-feature RobustScaler-transformed model space (data/processed/scaler.pkl); no additional feature scaling
BruteForce,Latent-PGD,mmd2_fullspace,0.03735660134030705,0.017747944650984594,0.08390466224140294,25.22112619964819,100,42,3068752222.0,ok,D:\thesis_final\outputs\latent_attacks\phase2_20260602_023945_seed42\phase2_latent_pgd_BruteForce.npz,39-feature RobustScaler-transformed model space (data/processed/scaler.pkl); no additional feature scaling
BruteForce,Latent-CW,mmd2_fullspace,0.037370600163860956,0.01866745655137344,0.08206718761983563,26.588355658062174,100,42,4248104443.0,ok,D:\thesis_final\outputs\latent_attacks\phase3_20260602_023958_seed42\phase3_latent_cw_BruteForce.npz,39-feature RobustScaler-transformed model space (data/processed/scaler.pkl); no additional feature scaling
BruteForce,cInput CPGD,mmd2_fullspace,N/A,N/A,N/A,N/A,N/A,N/A,,# TODO: canonical cInput run has outcomes but no full 39-feature adversarial vectors; the eight-sample exhibit is not used,D:\thesis_final\outputs\latent_attacks\constrained_input_baselines_20260602_032651_seed42,39-feature RobustScaler-transformed model space (data/processed/scaler.pkl); no additional feature scaling
BruteForce,cInput CCW,mmd2_fullspace,N/A,N/A,N/A,N/A,N/A,N/A,,# TODO: canonical cInput run has outcomes but no full 39-feature adversarial vectors; the eight-sample exhibit is not used,D:\thesis_final\outputs\latent_attacks\constrained_input_baselines_20260602_032651_seed42,39-feature RobustScaler-transformed model space (data/processed/scaler.pkl); no additional feature scaling
Recon,PGD,mmd2_fullspace,-5.834702189044805e-05,-0.0018898735033240463,0.03276144856972089,27.503535956655035,100,42,2982985691.0,ok,D:\thesis_final\results\attacks\attack_8class_pgd_0.30.npz,39-feature RobustScaler-transformed model space (data/processed/scaler.pkl); no additional feature scaling
Recon,CW,mmd2_fullspace,-0.00286768410702698,-0.0037240990208221025,0.026452943603774176,29.967929214804634,100,42,3593329687.0,ok,D:\thesis_final\results\attacks\attack_8class_cw_0.npz,39-feature RobustScaler-transformed model space (data/processed/scaler.pkl); no additional feature scaling
Recon,Latent-PGD,mmd2_fullspace,-0.003737671419408173,-0.0029402461474531847,0.020810519250934214,29.183523188359302,100,42,1458368100.0,ok,D:\thesis_final\outputs\latent_attacks\phase2_20260602_023945_seed42\phase2_latent_pgd_Recon.npz,39-feature RobustScaler-transformed model space (data/processed/scaler.pkl); no additional feature scaling
Recon,Latent-CW,mmd2_fullspace,-0.0036620134623297496,-0.003689994032101784,0.026856549047564265,27.93894973152147,100,42,359841968.0,ok,D:\thesis_final\outputs\latent_attacks\phase3_20260602_023958_seed42\phase3_latent_cw_Recon.npz,39-feature RobustScaler-transformed model space (data/processed/scaler.pkl); no additional feature scaling
Recon,cInput CPGD,mmd2_fullspace,N/A,N/A,N/A,N/A,N/A,N/A,,# TODO: canonical cInput run has outcomes but no full 39-feature adversarial vectors; the eight-sample exhibit is not used,D:\thesis_final\outputs\latent_attacks\constrained_input_baselines_20260602_032651_seed42,39-feature RobustScaler-transformed model space (data/processed/scaler.pkl); no additional feature scaling
Recon,cInput CCW,mmd2_fullspace,N/A,N/A,N/A,N/A,N/A,N/A,,# TODO: canonical cInput run has outcomes but no full 39-feature adversarial vectors; the eight-sample exhibit is not used,D:\thesis_final\outputs\latent_attacks\constrained_input_baselines_20260602_032651_seed42,39-feature RobustScaler-transformed model space (data/processed/scaler.pkl); no additional feature scaling
Web,PGD,mmd2_fullspace,-0.004510986876165246,-0.004774042599988157,0.02383165647688744,38.60876274159696,100,42,4137967862.0,ok,D:\thesis_final\results\attacks\attack_8class_pgd_0.30.npz,39-feature RobustScaler-transformed model space (data/processed/scaler.pkl); no additional feature scaling
Web,CW,mmd2_fullspace,-0.004462809135058254,-0.004687564531760458,0.024159599481702307,37.12218160319584,100,42,1157739684.0,ok,D:\thesis_final\results\attacks\attack_8class_cw_0.npz,39-feature RobustScaler-transformed model space (data/processed/scaler.pkl); no additional feature scaling
Web,Latent-PGD,mmd2_fullspace,0.4937753296101044,0.3383577974875402,0.6861905579252856,97.15365877838775,100,42,2395362013.0,ok,D:\thesis_final\outputs\latent_attacks\phase2_20260602_023945_seed42\phase2_latent_pgd_Web.npz,39-feature RobustScaler-transformed model space (data/processed/scaler.pkl); no additional feature scaling
Web,Latent-CW,mmd2_fullspace,0.5478754633176677,0.3709909052268675,0.7599896770659674,94.60349342017918,100,42,2039256857.0,ok,D:\thesis_final\outputs\latent_attacks\phase3_20260602_023958_seed42\phase3_latent_cw_Web.npz,39-feature RobustScaler-transformed model space (data/processed/scaler.pkl); no additional feature scaling
Web,cInput CPGD,mmd2_fullspace,N/A,N/A,N/A,N/A,N/A,N/A,,# TODO: canonical cInput run has outcomes but no full 39-feature adversarial vectors; the eight-sample exhibit is not used,D:\thesis_final\outputs\latent_attacks\constrained_input_baselines_20260602_032651_seed42,39-feature RobustScaler-transformed model space (data/processed/scaler.pkl); no additional feature scaling
Web,cInput CCW,mmd2_fullspace,N/A,N/A,N/A,N/A,N/A,N/A,,# TODO: canonical cInput run has outcomes but no full 39-feature adversarial vectors; the eight-sample exhibit is not used,D:\thesis_final\outputs\latent_attacks\constrained_input_baselines_20260602_032651_seed42,39-feature RobustScaler-transformed model space (data/processed/scaler.pkl); no additional feature scaling
Spoofing,PGD,mmd2_fullspace,-0.0067846750992608396,-0.004970467821692548,0.016029740754559912,38.499098292631075,100,42,3834467140.0,ok,D:\thesis_final\results\attacks\attack_8class_pgd_0.30.npz,39-feature RobustScaler-transformed model space (data/processed/scaler.pkl); no additional feature scaling
Spoofing,CW,mmd2_fullspace,-0.0015589146778756113,-0.003513219215290825,0.031311108005396354,35.65700249902787,100,42,431458067.0,ok,D:\thesis_final\results\attacks\attack_8class_cw_0.npz,39-feature RobustScaler-transformed model space (data/processed/scaler.pkl); no additional feature scaling
Spoofing,Latent-PGD,mmd2_fullspace,0.009997283015780623,0.0016328803200474475,0.04527690439104641,39.670041993995284,100,42,1626551316.0,ok,D:\thesis_final\outputs\latent_attacks\phase2_20260602_023945_seed42\phase2_latent_pgd_Spoofing.npz,39-feature RobustScaler-transformed model space (data/processed/scaler.pkl); no additional feature scaling
Spoofing,Latent-CW,mmd2_fullspace,0.007891455634076783,-0.0008032785920454532,0.04262005147123676,38.516229000840454,100,42,2350736693.0,ok,D:\thesis_final\outputs\latent_attacks\phase3_20260602_023958_seed42\phase3_latent_cw_Spoofing.npz,39-feature RobustScaler-transformed model space (data/processed/scaler.pkl); no additional feature scaling
Spoofing,cInput CPGD,mmd2_fullspace,N/A,N/A,N/A,N/A,N/A,N/A,,# TODO: canonical cInput run has outcomes but no full 39-feature adversarial vectors; the eight-sample exhibit is not used,D:\thesis_final\outputs\latent_attacks\constrained_input_baselines_20260602_032651_seed42,39-feature RobustScaler-transformed model space (data/processed/scaler.pkl); no additional feature scaling
Spoofing,cInput CCW,mmd2_fullspace,N/A,N/A,N/A,N/A,N/A,N/A,,# TODO: canonical cInput run has outcomes but no full 39-feature adversarial vectors; the eight-sample exhibit is not used,D:\thesis_final\outputs\latent_attacks\constrained_input_baselines_20260602_032651_seed42,39-feature RobustScaler-transformed model space (data/processed/scaler.pkl); no additional feature scaling
