attack_family,attack_method,attack_goal,classifier,classifier_tag,attack_class,N,ASR_raw,ASR_valid,mahalanobis_id_rate,he_idsr,evasion_match_rate,validity_match_rate
latent,latent-pgd,untargeted,MLP,mlp,BruteForce,100,0.16,0.04,0.93,0.16,1.0,1.0
latent,latent-pgd,untargeted,MLP,mlp,DDoS,100,0.23,0.17,0.77,0.09,1.0,1.0
latent,latent-pgd,untargeted,MLP,mlp,DoS,100,0.79,0.75,0.9,0.71,1.0,1.0
latent,latent-pgd,untargeted,MLP,mlp,Mirai,100,0.01,0.01,0.92,0.0,1.0,1.0
latent,latent-pgd,untargeted,MLP,mlp,Recon,100,0.13,0.12,0.98,0.12,1.0,1.0
latent,latent-pgd,untargeted,MLP,mlp,Spoofing,100,0.37,0.3,0.88,0.36,1.0,1.0
latent,latent-pgd,untargeted,MLP,mlp,Web,100,0.99,0.96,0.93,0.93,1.0,1.0
latent,latent-cw,untargeted,MLP,mlp,BruteForce,100,0.36,0.2,0.9,0.36,1.0,1.0
latent,latent-cw,untargeted,MLP,mlp,DDoS,100,0.22,0.2,0.79,0.09,1.0,1.0
latent,latent-cw,untargeted,MLP,mlp,DoS,100,0.78,0.76,0.89,0.7,1.0,1.0
latent,latent-cw,untargeted,MLP,mlp,Mirai,100,0.01,0.01,0.92,0.0,1.0,1.0
latent,latent-cw,untargeted,MLP,mlp,Recon,100,0.09,0.09,0.97,0.09,1.0,1.0
latent,latent-cw,untargeted,MLP,mlp,Spoofing,100,0.61,0.56,0.96,0.6,1.0,1.0
latent,latent-cw,untargeted,MLP,mlp,Web,100,0.52,0.51,0.93,0.48,1.0,1.0
unconstrained-input,input-pgd,untargeted,MLP,mlp,BruteForce,100,1.0,0.0,0.76,0.76,1.0,1.0
unconstrained-input,input-pgd,untargeted,MLP,mlp,DDoS,100,0.81,0.0,0.03,0.02,1.0,1.0
unconstrained-input,input-pgd,untargeted,MLP,mlp,DoS,100,1.0,0.0,0.07,0.07,1.0,1.0
unconstrained-input,input-pgd,untargeted,MLP,mlp,Mirai,100,0.89,0.0,0.0,0.0,1.0,1.0
unconstrained-input,input-pgd,untargeted,MLP,mlp,Recon,100,1.0,0.0,0.01,0.01,1.0,1.0
unconstrained-input,input-pgd,untargeted,MLP,mlp,Spoofing,100,0.98,0.0,0.03,0.03,1.0,1.0
unconstrained-input,input-pgd,untargeted,MLP,mlp,Web,100,1.0,0.0,0.76,0.76,1.0,1.0
unconstrained-input,input-cw,untargeted,MLP,mlp,BruteForce,100,1.0,0.0,0.95,0.95,1.0,1.0
unconstrained-input,input-cw,untargeted,MLP,mlp,DDoS,100,0.6,0.0,0.42,0.21,1.0,1.0
unconstrained-input,input-cw,untargeted,MLP,mlp,DoS,100,0.86,0.0,0.82,0.74,1.0,1.0
unconstrained-input,input-cw,untargeted,MLP,mlp,Mirai,100,1.0,0.0,0.31,0.31,1.0,1.0
unconstrained-input,input-cw,untargeted,MLP,mlp,Recon,100,0.9,0.0,0.82,0.74,1.0,1.0
unconstrained-input,input-cw,untargeted,MLP,mlp,Spoofing,100,0.93,0.0,0.79,0.73,1.0,1.0
unconstrained-input,input-cw,untargeted,MLP,mlp,Web,100,1.0,0.0,0.93,0.93,1.0,1.0
latent,latent-pgd,untargeted,CNN,cnn,DDoS,100,0.23,0.18,0.82,0.14,1.0,1.0
latent,latent-pgd,untargeted,CNN,cnn,DoS,100,0.66,0.61,0.88,0.57,1.0,1.0
latent,latent-pgd,untargeted,CNN,cnn,Mirai,100,0.08,0.07,0.9,0.03,1.0,1.0
latent,latent-pgd,untargeted,CNN,cnn,Recon,100,0.2,0.2,0.98,0.19,1.0,1.0
latent,latent-pgd,untargeted,CNN,cnn,Spoofing,100,0.43,0.4,0.86,0.42,1.0,1.0
latent,latent-cw,untargeted,CNN,cnn,DDoS,100,0.24,0.21,0.86,0.16,1.0,1.0
latent,latent-cw,untargeted,CNN,cnn,DoS,100,0.57,0.55,0.9,0.53,1.0,1.0
latent,latent-cw,untargeted,CNN,cnn,Mirai,100,0.08,0.08,0.91,0.03,1.0,1.0
latent,latent-cw,untargeted,CNN,cnn,Recon,100,0.13,0.13,0.97,0.12,1.0,1.0
latent,latent-cw,untargeted,CNN,cnn,Spoofing,100,0.64,0.6,0.92,0.6,1.0,1.0
unconstrained-input,input-pgd,untargeted,CNN,cnn,DDoS,100,0.67,0.0,0.06,0.04,1.0,1.0
unconstrained-input,input-pgd,untargeted,CNN,cnn,DoS,100,0.99,0.0,0.07,0.07,1.0,1.0
unconstrained-input,input-pgd,untargeted,CNN,cnn,Mirai,100,0.93,0.0,0.0,0.0,1.0,1.0
unconstrained-input,input-pgd,untargeted,CNN,cnn,Recon,100,1.0,0.0,0.2,0.2,1.0,1.0
unconstrained-input,input-pgd,untargeted,CNN,cnn,Spoofing,100,0.97,0.0,0.11,0.11,1.0,1.0
unconstrained-input,input-cw,untargeted,CNN,cnn,DDoS,100,0.71,0.0,0.61,0.49,1.0,1.0
unconstrained-input,input-cw,untargeted,CNN,cnn,DoS,100,0.86,0.0,0.91,0.77,1.0,1.0
unconstrained-input,input-cw,untargeted,CNN,cnn,Mirai,100,1.0,0.0,0.26,0.26,1.0,1.0
unconstrained-input,input-cw,untargeted,CNN,cnn,Recon,100,0.87,0.0,0.91,0.81,1.0,1.0
unconstrained-input,input-cw,untargeted,CNN,cnn,Spoofing,100,0.98,0.0,0.84,0.82,1.0,1.0
latent,latent-pgd,untargeted,LSTM,lstm,BruteForce,100,0.07,0.02,0.95,0.04,1.0,1.0
latent,latent-pgd,untargeted,LSTM,lstm,DDoS,100,0.26,0.19,0.74,0.09,1.0,1.0
latent,latent-pgd,untargeted,LSTM,lstm,DoS,100,0.72,0.71,0.91,0.66,1.0,1.0
latent,latent-pgd,untargeted,LSTM,lstm,Mirai,100,0.01,0.01,0.9,0.0,1.0,1.0
latent,latent-pgd,untargeted,LSTM,lstm,Recon,100,0.08,0.07,0.95,0.07,1.0,1.0
latent,latent-pgd,untargeted,LSTM,lstm,Spoofing,100,0.47,0.41,0.91,0.45,1.0,1.0
latent,latent-pgd,untargeted,LSTM,lstm,Web,100,1.0,1.0,1.0,1.0,1.0,1.0
latent,latent-cw,untargeted,LSTM,lstm,BruteForce,100,0.36,0.19,0.94,0.31,1.0,1.0
latent,latent-cw,untargeted,LSTM,lstm,DDoS,100,0.24,0.21,0.79,0.12,1.0,1.0
latent,latent-cw,untargeted,LSTM,lstm,DoS,100,0.7,0.69,0.88,0.63,1.0,1.0
latent,latent-cw,untargeted,LSTM,lstm,Mirai,100,0.04,0.04,0.91,0.0,1.0,1.0
latent,latent-cw,untargeted,LSTM,lstm,Recon,100,0.09,0.08,0.95,0.08,1.0,1.0
latent,latent-cw,untargeted,LSTM,lstm,Spoofing,100,0.7,0.66,0.88,0.66,1.0,1.0
latent,latent-cw,untargeted,LSTM,lstm,Web,100,0.65,0.65,1.0,0.65,1.0,1.0
unconstrained-input,input-pgd,untargeted,LSTM,lstm,BruteForce,100,1.0,0.0,0.95,0.95,1.0,1.0
unconstrained-input,input-pgd,untargeted,LSTM,lstm,DDoS,100,0.87,0.0,0.12,0.12,1.0,1.0
unconstrained-input,input-pgd,untargeted,LSTM,lstm,DoS,100,1.0,0.0,0.27,0.27,1.0,1.0
unconstrained-input,input-pgd,untargeted,LSTM,lstm,Mirai,100,0.99,0.0,0.0,0.0,1.0,1.0
unconstrained-input,input-pgd,untargeted,LSTM,lstm,Recon,100,1.0,0.0,0.02,0.02,1.0,1.0
unconstrained-input,input-pgd,untargeted,LSTM,lstm,Spoofing,100,0.94,0.0,0.03,0.03,1.0,1.0
unconstrained-input,input-pgd,untargeted,LSTM,lstm,Web,100,1.0,0.0,0.81,0.81,1.0,1.0
unconstrained-input,input-cw,untargeted,LSTM,lstm,BruteForce,100,1.0,0.0,0.96,0.96,1.0,1.0
unconstrained-input,input-cw,untargeted,LSTM,lstm,DDoS,100,0.86,0.0,0.67,0.62,1.0,1.0
unconstrained-input,input-cw,untargeted,LSTM,lstm,DoS,100,1.0,0.0,0.9,0.9,1.0,1.0
unconstrained-input,input-cw,untargeted,LSTM,lstm,Mirai,100,1.0,0.0,0.0,0.0,1.0,1.0
unconstrained-input,input-cw,untargeted,LSTM,lstm,Recon,100,0.92,0.0,0.76,0.72,1.0,1.0
unconstrained-input,input-cw,untargeted,LSTM,lstm,Spoofing,100,0.92,0.0,0.85,0.77,1.0,1.0
unconstrained-input,input-cw,untargeted,LSTM,lstm,Web,100,1.0,0.0,1.0,1.0,1.0,1.0
latent,latent-pgd,untargeted,CNN-LSTM,serial,DDoS,100,0.32,0.23,0.65,0.07,1.0,1.0
latent,latent-pgd,untargeted,CNN-LSTM,serial,DoS,100,0.53,0.48,0.9,0.47,1.0,1.0
latent,latent-pgd,untargeted,CNN-LSTM,serial,Mirai,100,0.03,0.03,0.93,0.0,1.0,1.0
latent,latent-pgd,untargeted,CNN-LSTM,serial,Recon,100,0.09,0.09,0.96,0.08,1.0,1.0
latent,latent-pgd,untargeted,CNN-LSTM,serial,Spoofing,100,0.46,0.37,0.92,0.44,1.0,1.0
latent,latent-pgd,untargeted,CNN-LSTM,serial,Web,100,1.0,0.98,0.99,0.99,1.0,1.0
latent,latent-cw,untargeted,CNN-LSTM,serial,DDoS,100,0.31,0.28,0.72,0.11,1.0,1.0
latent,latent-cw,untargeted,CNN-LSTM,serial,DoS,100,0.48,0.45,0.9,0.43,1.0,1.0
latent,latent-cw,untargeted,CNN-LSTM,serial,Mirai,100,0.04,0.04,0.93,0.0,1.0,1.0
latent,latent-cw,untargeted,CNN-LSTM,serial,Recon,100,0.07,0.07,0.97,0.07,1.0,1.0
latent,latent-cw,untargeted,CNN-LSTM,serial,Spoofing,100,0.62,0.57,0.94,0.59,1.0,1.0
latent,latent-cw,untargeted,CNN-LSTM,serial,Web,100,0.95,0.92,0.99,0.94,1.0,1.0
unconstrained-input,input-pgd,untargeted,CNN-LSTM,serial,DDoS,100,0.96,0.0,0.08,0.08,1.0,1.0
unconstrained-input,input-pgd,untargeted,CNN-LSTM,serial,DoS,100,1.0,0.0,0.25,0.25,1.0,1.0
unconstrained-input,input-pgd,untargeted,CNN-LSTM,serial,Mirai,100,0.78,0.0,0.1,0.1,1.0,1.0
unconstrained-input,input-pgd,untargeted,CNN-LSTM,serial,Recon,100,1.0,0.0,0.15,0.15,1.0,1.0
unconstrained-input,input-pgd,untargeted,CNN-LSTM,serial,Spoofing,100,0.96,0.0,0.17,0.17,1.0,1.0
unconstrained-input,input-pgd,untargeted,CNN-LSTM,serial,Web,100,1.0,0.0,0.96,0.96,1.0,1.0
unconstrained-input,input-cw,untargeted,CNN-LSTM,serial,DDoS,100,0.98,0.0,0.61,0.61,1.0,1.0
unconstrained-input,input-cw,untargeted,CNN-LSTM,serial,DoS,100,0.94,0.0,0.94,0.88,1.0,1.0
unconstrained-input,input-cw,untargeted,CNN-LSTM,serial,Mirai,100,0.99,0.0,0.69,0.69,1.0,1.0
unconstrained-input,input-cw,untargeted,CNN-LSTM,serial,Recon,100,0.94,0.0,0.97,0.91,1.0,1.0
unconstrained-input,input-cw,untargeted,CNN-LSTM,serial,Spoofing,100,0.99,0.0,0.88,0.87,1.0,1.0
unconstrained-input,input-cw,untargeted,CNN-LSTM,serial,Web,100,1.0,0.0,0.99,0.99,1.0,1.0
latent,latent-pgd,untargeted,DualPath,dualpath,BruteForce,100,0.18,0.03,0.92,0.14,1.0,1.0
latent,latent-pgd,untargeted,DualPath,dualpath,DDoS,100,0.2,0.14,0.8,0.12,1.0,1.0
latent,latent-pgd,untargeted,DualPath,dualpath,DoS,100,0.7,0.68,0.85,0.62,1.0,1.0
latent,latent-pgd,untargeted,DualPath,dualpath,Mirai,100,0.02,0.01,0.96,0.0,1.0,1.0
latent,latent-pgd,untargeted,DualPath,dualpath,Recon,100,0.09,0.08,0.98,0.09,1.0,1.0
latent,latent-pgd,untargeted,DualPath,dualpath,Spoofing,100,0.44,0.36,0.88,0.38,1.0,1.0
latent,latent-pgd,untargeted,DualPath,dualpath,Web,100,0.93,0.93,1.0,0.93,1.0,1.0
latent,latent-cw,untargeted,DualPath,dualpath,BruteForce,100,0.53,0.26,0.91,0.46,1.0,1.0
latent,latent-cw,untargeted,DualPath,dualpath,DDoS,100,0.23,0.21,0.86,0.17,1.0,1.0
latent,latent-cw,untargeted,DualPath,dualpath,DoS,100,0.64,0.64,0.9,0.59,1.0,1.0
latent,latent-cw,untargeted,DualPath,dualpath,Mirai,100,0.06,0.06,0.89,0.0,1.0,1.0
latent,latent-cw,untargeted,DualPath,dualpath,Recon,100,0.09,0.08,0.98,0.09,1.0,1.0
latent,latent-cw,untargeted,DualPath,dualpath,Spoofing,100,0.61,0.57,0.89,0.55,1.0,1.0
latent,latent-cw,untargeted,DualPath,dualpath,Web,100,0.06,0.06,1.0,0.06,1.0,1.0
unconstrained-input,input-pgd,untargeted,DualPath,dualpath,BruteForce,100,1.0,0.0,0.91,0.91,1.0,1.0
unconstrained-input,input-pgd,untargeted,DualPath,dualpath,DDoS,100,0.83,0.0,0.01,0.01,1.0,1.0
unconstrained-input,input-pgd,untargeted,DualPath,dualpath,DoS,100,1.0,0.0,0.11,0.11,1.0,1.0
unconstrained-input,input-pgd,untargeted,DualPath,dualpath,Mirai,100,0.93,0.0,0.0,0.0,1.0,1.0
unconstrained-input,input-pgd,untargeted,DualPath,dualpath,Recon,100,0.96,0.0,0.04,0.04,1.0,1.0
unconstrained-input,input-pgd,untargeted,DualPath,dualpath,Spoofing,100,0.94,0.0,0.04,0.04,1.0,1.0
unconstrained-input,input-pgd,untargeted,DualPath,dualpath,Web,100,1.0,0.0,1.0,1.0,1.0,1.0
unconstrained-input,input-cw,untargeted,DualPath,dualpath,BruteForce,100,1.0,0.0,0.95,0.95,1.0,1.0
unconstrained-input,input-cw,untargeted,DualPath,dualpath,DDoS,100,0.84,0.0,0.58,0.58,1.0,1.0
unconstrained-input,input-cw,untargeted,DualPath,dualpath,DoS,100,1.0,0.0,0.9,0.9,1.0,1.0
unconstrained-input,input-cw,untargeted,DualPath,dualpath,Mirai,100,1.0,0.0,0.0,0.0,1.0,1.0
unconstrained-input,input-cw,untargeted,DualPath,dualpath,Recon,100,0.87,0.0,0.72,0.71,1.0,1.0
unconstrained-input,input-cw,untargeted,DualPath,dualpath,Spoofing,100,0.91,0.0,0.88,0.83,1.0,1.0
unconstrained-input,input-cw,untargeted,DualPath,dualpath,Web,100,0.02,0.0,1.0,0.02,1.0,1.0
latent,targeted-benign-latent-pgd,target-benign,MLP,mlp,BruteForce,100,0.0,0.0,0.93,0.0,1.0,1.0
latent,targeted-benign-latent-pgd,target-benign,MLP,mlp,DDoS,100,0.0,0.0,0.9,0.0,1.0,1.0
latent,targeted-benign-latent-pgd,target-benign,MLP,mlp,DoS,100,0.0,0.0,0.86,0.0,1.0,1.0
latent,targeted-benign-latent-pgd,target-benign,MLP,mlp,Mirai,100,0.0,0.0,0.97,0.0,1.0,1.0
latent,targeted-benign-latent-pgd,target-benign,MLP,mlp,Recon,100,0.06,0.05,0.98,0.06,1.0,1.0
latent,targeted-benign-latent-pgd,target-benign,MLP,mlp,Spoofing,100,0.2,0.16,0.89,0.19,1.0,1.0
latent,targeted-benign-latent-pgd,target-benign,MLP,mlp,Web,100,0.03,0.03,0.94,0.03,1.0,1.0
latent,targeted-benign-latent-pgd,target-benign,CNN,cnn,DDoS,100,0.0,0.0,0.9,0.0,1.0,1.0
latent,targeted-benign-latent-pgd,target-benign,CNN,cnn,DoS,100,0.0,0.0,0.91,0.0,1.0,1.0
latent,targeted-benign-latent-pgd,target-benign,CNN,cnn,Mirai,100,0.0,0.0,0.94,0.0,1.0,1.0
latent,targeted-benign-latent-pgd,target-benign,CNN,cnn,Recon,100,0.1,0.1,0.97,0.1,1.0,1.0
latent,targeted-benign-latent-pgd,target-benign,CNN,cnn,Spoofing,100,0.15,0.15,0.86,0.14,1.0,1.0
latent,targeted-benign-latent-pgd,target-benign,LSTM,lstm,BruteForce,100,0.04,0.03,0.92,0.0,1.0,1.0
latent,targeted-benign-latent-pgd,target-benign,LSTM,lstm,DDoS,100,0.0,0.0,0.93,0.0,1.0,1.0
latent,targeted-benign-latent-pgd,target-benign,LSTM,lstm,DoS,100,0.0,0.0,0.87,0.0,1.0,1.0
latent,targeted-benign-latent-pgd,target-benign,LSTM,lstm,Mirai,100,0.0,0.0,0.95,0.0,1.0,1.0
latent,targeted-benign-latent-pgd,target-benign,LSTM,lstm,Recon,100,0.04,0.04,0.96,0.04,1.0,1.0
latent,targeted-benign-latent-pgd,target-benign,LSTM,lstm,Spoofing,100,0.18,0.16,0.91,0.17,1.0,1.0
latent,targeted-benign-latent-pgd,target-benign,LSTM,lstm,Web,100,0.11,0.11,1.0,0.11,1.0,1.0
latent,targeted-benign-latent-pgd,target-benign,CNN-LSTM,serial,DDoS,100,0.0,0.0,0.9,0.0,1.0,1.0
latent,targeted-benign-latent-pgd,target-benign,CNN-LSTM,serial,DoS,100,0.0,0.0,0.92,0.0,1.0,1.0
latent,targeted-benign-latent-pgd,target-benign,CNN-LSTM,serial,Mirai,100,0.0,0.0,0.95,0.0,1.0,1.0
latent,targeted-benign-latent-pgd,target-benign,CNN-LSTM,serial,Recon,100,0.03,0.03,0.97,0.03,1.0,1.0
latent,targeted-benign-latent-pgd,target-benign,CNN-LSTM,serial,Spoofing,100,0.2,0.2,0.9,0.19,1.0,1.0
latent,targeted-benign-latent-pgd,target-benign,CNN-LSTM,serial,Web,100,0.0,0.0,0.99,0.0,1.0,1.0
latent,targeted-benign-latent-pgd,target-benign,DualPath,dualpath,BruteForce,100,0.07,0.07,0.82,0.0,1.0,1.0
latent,targeted-benign-latent-pgd,target-benign,DualPath,dualpath,DDoS,100,0.0,0.0,0.89,0.0,1.0,1.0
latent,targeted-benign-latent-pgd,target-benign,DualPath,dualpath,DoS,100,0.0,0.0,0.85,0.0,1.0,1.0
latent,targeted-benign-latent-pgd,target-benign,DualPath,dualpath,Mirai,100,0.0,0.0,0.95,0.0,1.0,1.0
latent,targeted-benign-latent-pgd,target-benign,DualPath,dualpath,Recon,100,0.04,0.04,0.98,0.04,1.0,1.0
latent,targeted-benign-latent-pgd,target-benign,DualPath,dualpath,Spoofing,100,0.2,0.18,0.91,0.18,1.0,1.0
latent,targeted-benign-latent-pgd,target-benign,DualPath,dualpath,Web,100,0.0,0.0,1.0,0.0,1.0,1.0
constrained-input,cinput-pgd,untargeted,MLP,mlp,BruteForce,100,0.25,0.25,0.63,0.04,1.0,1.0
constrained-input,cinput-pgd,untargeted,MLP,mlp,DDoS,100,0.21,0.21,0.23,0.08,1.0,1.0
constrained-input,cinput-pgd,untargeted,MLP,mlp,DoS,100,0.82,0.82,0.23,0.18,1.0,1.0
constrained-input,cinput-pgd,untargeted,MLP,mlp,Mirai,100,0.17,0.17,0.01,0.01,1.0,1.0
constrained-input,cinput-pgd,untargeted,MLP,mlp,Recon,100,0.55,0.55,0.4,0.18,1.0,1.0
constrained-input,cinput-pgd,untargeted,MLP,mlp,Spoofing,100,0.59,0.59,0.23,0.17,1.0,1.0
constrained-input,cinput-pgd,untargeted,MLP,mlp,Web,100,0.32,0.32,0.9,0.22,1.0,1.0
constrained-input,cinput-cw,untargeted,MLP,mlp,BruteForce,100,0.76,0.76,0.88,0.65,1.0,1.0
constrained-input,cinput-cw,untargeted,MLP,mlp,DDoS,100,0.55,0.55,0.36,0.13,1.0,1.0
constrained-input,cinput-cw,untargeted,MLP,mlp,DoS,100,0.86,0.86,0.79,0.73,1.0,1.0
constrained-input,cinput-cw,untargeted,MLP,mlp,Mirai,100,0.99,0.99,0.02,0.02,1.0,1.0
constrained-input,cinput-cw,untargeted,MLP,mlp,Recon,100,0.77,0.77,0.72,0.5,1.0,1.0
constrained-input,cinput-cw,untargeted,MLP,mlp,Spoofing,100,0.76,0.76,0.63,0.53,1.0,1.0
constrained-input,cinput-cw,untargeted,MLP,mlp,Web,100,0.28,0.28,0.92,0.21,1.0,1.0
constrained-input,cinput-pgd-target-benign,target-benign,MLP,mlp,BruteForce,100,0.0,0.0,0.74,0.0,1.0,1.0
constrained-input,cinput-pgd-target-benign,target-benign,MLP,mlp,DDoS,100,0.0,0.0,0.2,0.0,1.0,1.0
constrained-input,cinput-pgd-target-benign,target-benign,MLP,mlp,DoS,100,0.0,0.0,0.13,0.0,1.0,1.0
constrained-input,cinput-pgd-target-benign,target-benign,MLP,mlp,Mirai,100,0.0,0.0,0.0,0.0,1.0,1.0
constrained-input,cinput-pgd-target-benign,target-benign,MLP,mlp,Recon,100,0.03,0.03,0.45,0.02,1.0,1.0
constrained-input,cinput-pgd-target-benign,target-benign,MLP,mlp,Spoofing,100,0.07,0.07,0.38,0.07,1.0,1.0
constrained-input,cinput-pgd-target-benign,target-benign,MLP,mlp,Web,100,0.0,0.0,0.93,0.0,1.0,1.0
constrained-input,cinput-cw-target-benign,target-benign,MLP,mlp,BruteForce,100,0.0,0.0,0.82,0.0,1.0,1.0
constrained-input,cinput-cw-target-benign,target-benign,MLP,mlp,DDoS,100,0.01,0.01,0.09,0.01,1.0,1.0
constrained-input,cinput-cw-target-benign,target-benign,MLP,mlp,DoS,100,0.0,0.0,0.12,0.0,1.0,1.0
constrained-input,cinput-cw-target-benign,target-benign,MLP,mlp,Mirai,100,0.0,0.0,0.02,0.0,1.0,1.0
constrained-input,cinput-cw-target-benign,target-benign,MLP,mlp,Recon,100,0.14,0.14,0.75,0.14,1.0,1.0
constrained-input,cinput-cw-target-benign,target-benign,MLP,mlp,Spoofing,100,0.21,0.21,0.56,0.2,1.0,1.0
constrained-input,cinput-cw-target-benign,target-benign,MLP,mlp,Web,100,0.01,0.01,0.92,0.01,1.0,1.0
constrained-input,cinput-pgd,untargeted,CNN,cnn,DDoS,100,0.32,0.32,0.2,0.07,1.0,1.0
constrained-input,cinput-pgd,untargeted,CNN,cnn,DoS,100,0.75,0.75,0.27,0.12,1.0,1.0
constrained-input,cinput-pgd,untargeted,CNN,cnn,Mirai,100,0.21,0.21,0.11,0.0,1.0,1.0
constrained-input,cinput-pgd,untargeted,CNN,cnn,Recon,100,0.71,0.71,0.41,0.26,1.0,1.0
constrained-input,cinput-pgd,untargeted,CNN,cnn,Spoofing,100,0.71,0.71,0.22,0.2,1.0,1.0
constrained-input,cinput-cw,untargeted,CNN,cnn,DDoS,100,0.56,0.56,0.51,0.35,1.0,1.0
constrained-input,cinput-cw,untargeted,CNN,cnn,DoS,100,0.66,0.66,0.84,0.55,1.0,1.0
constrained-input,cinput-cw,untargeted,CNN,cnn,Mirai,100,0.73,0.73,0.16,0.02,1.0,1.0
constrained-input,cinput-cw,untargeted,CNN,cnn,Recon,100,0.68,0.68,0.75,0.49,1.0,1.0
constrained-input,cinput-cw,untargeted,CNN,cnn,Spoofing,100,0.82,0.82,0.59,0.53,1.0,1.0
constrained-input,cinput-pgd-target-benign,target-benign,CNN,cnn,DDoS,100,0.0,0.0,0.18,0.0,1.0,1.0
constrained-input,cinput-pgd-target-benign,target-benign,CNN,cnn,DoS,100,0.0,0.0,0.11,0.0,1.0,1.0
constrained-input,cinput-pgd-target-benign,target-benign,CNN,cnn,Mirai,100,0.0,0.0,0.02,0.0,1.0,1.0
constrained-input,cinput-pgd-target-benign,target-benign,CNN,cnn,Recon,100,0.08,0.08,0.41,0.06,1.0,1.0
constrained-input,cinput-pgd-target-benign,target-benign,CNN,cnn,Spoofing,100,0.1,0.1,0.36,0.06,1.0,1.0
constrained-input,cinput-cw-target-benign,target-benign,CNN,cnn,DDoS,100,0.14,0.14,0.07,0.0,1.0,1.0
constrained-input,cinput-cw-target-benign,target-benign,CNN,cnn,DoS,100,0.17,0.17,0.02,0.02,1.0,1.0
constrained-input,cinput-cw-target-benign,target-benign,CNN,cnn,Mirai,100,0.0,0.0,0.0,0.0,1.0,1.0
constrained-input,cinput-cw-target-benign,target-benign,CNN,cnn,Recon,100,0.16,0.16,0.72,0.14,1.0,1.0
constrained-input,cinput-cw-target-benign,target-benign,CNN,cnn,Spoofing,100,0.17,0.17,0.52,0.15,1.0,1.0
constrained-input,cinput-pgd,untargeted,LSTM,lstm,BruteForce,100,0.59,0.59,0.74,0.36,1.0,1.0
constrained-input,cinput-pgd,untargeted,LSTM,lstm,DDoS,100,0.28,0.28,0.17,0.1,1.0,1.0
constrained-input,cinput-pgd,untargeted,LSTM,lstm,DoS,100,0.9,0.9,0.16,0.15,1.0,1.0
constrained-input,cinput-pgd,untargeted,LSTM,lstm,Mirai,100,0.17,0.17,0.01,0.0,1.0,1.0
constrained-input,cinput-pgd,untargeted,LSTM,lstm,Recon,100,0.71,0.71,0.27,0.18,1.0,1.0
constrained-input,cinput-pgd,untargeted,LSTM,lstm,Spoofing,100,0.64,0.64,0.14,0.1,1.0,1.0
constrained-input,cinput-pgd,untargeted,LSTM,lstm,Web,100,0.63,0.63,0.98,0.61,1.0,1.0
constrained-input,cinput-cw,untargeted,LSTM,lstm,BruteForce,100,1.0,1.0,0.76,0.76,1.0,1.0
constrained-input,cinput-cw,untargeted,LSTM,lstm,DDoS,100,0.72,0.72,0.27,0.21,1.0,1.0
constrained-input,cinput-cw,untargeted,LSTM,lstm,DoS,100,0.94,0.94,0.85,0.83,1.0,1.0
constrained-input,cinput-cw,untargeted,LSTM,lstm,Mirai,100,1.0,1.0,0.02,0.02,1.0,1.0
constrained-input,cinput-cw,untargeted,LSTM,lstm,Recon,100,0.62,0.62,0.75,0.42,1.0,1.0
constrained-input,cinput-cw,untargeted,LSTM,lstm,Spoofing,100,0.79,0.79,0.53,0.45,1.0,1.0
constrained-input,cinput-cw,untargeted,LSTM,lstm,Web,100,1.0,1.0,0.96,0.96,1.0,1.0
constrained-input,cinput-pgd-target-benign,target-benign,LSTM,lstm,BruteForce,100,0.09,0.09,0.32,0.0,1.0,1.0
constrained-input,cinput-pgd-target-benign,target-benign,LSTM,lstm,DDoS,100,0.0,0.0,0.24,0.0,1.0,1.0
constrained-input,cinput-pgd-target-benign,target-benign,LSTM,lstm,DoS,100,0.0,0.0,0.04,0.0,1.0,1.0
constrained-input,cinput-pgd-target-benign,target-benign,LSTM,lstm,Mirai,100,0.0,0.0,0.01,0.0,1.0,1.0
constrained-input,cinput-pgd-target-benign,target-benign,LSTM,lstm,Recon,100,0.02,0.02,0.42,0.02,1.0,1.0
constrained-input,cinput-pgd-target-benign,target-benign,LSTM,lstm,Spoofing,100,0.02,0.02,0.2,0.01,1.0,1.0
constrained-input,cinput-pgd-target-benign,target-benign,LSTM,lstm,Web,100,0.0,0.0,0.96,0.0,1.0,1.0
constrained-input,cinput-cw-target-benign,target-benign,LSTM,lstm,BruteForce,100,0.23,0.23,0.25,0.0,1.0,1.0
constrained-input,cinput-cw-target-benign,target-benign,LSTM,lstm,DDoS,100,0.1,0.1,0.08,0.0,1.0,1.0
constrained-input,cinput-cw-target-benign,target-benign,LSTM,lstm,DoS,100,0.0,0.0,0.0,0.0,1.0,1.0
constrained-input,cinput-cw-target-benign,target-benign,LSTM,lstm,Mirai,100,0.01,0.01,0.0,0.0,1.0,1.0
constrained-input,cinput-cw-target-benign,target-benign,LSTM,lstm,Recon,100,0.05,0.05,0.7,0.04,1.0,1.0
constrained-input,cinput-cw-target-benign,target-benign,LSTM,lstm,Spoofing,100,0.13,0.13,0.49,0.11,1.0,1.0
constrained-input,cinput-cw-target-benign,target-benign,LSTM,lstm,Web,100,0.0,0.0,0.96,0.0,1.0,1.0
constrained-input,cinput-pgd,untargeted,CNN-LSTM,serial,DDoS,100,0.52,0.52,0.19,0.12,1.0,1.0
constrained-input,cinput-pgd,untargeted,CNN-LSTM,serial,DoS,100,0.84,0.84,0.57,0.48,1.0,1.0
constrained-input,cinput-pgd,untargeted,CNN-LSTM,serial,Mirai,100,0.28,0.28,0.02,0.02,1.0,1.0
constrained-input,cinput-pgd,untargeted,CNN-LSTM,serial,Recon,100,0.71,0.71,0.36,0.18,1.0,1.0
constrained-input,cinput-pgd,untargeted,CNN-LSTM,serial,Spoofing,100,0.77,0.77,0.32,0.27,1.0,1.0
constrained-input,cinput-pgd,untargeted,CNN-LSTM,serial,Web,100,0.83,0.83,0.99,0.82,1.0,1.0
constrained-input,cinput-cw,untargeted,CNN-LSTM,serial,DDoS,100,0.66,0.66,0.31,0.21,1.0,1.0
constrained-input,cinput-cw,untargeted,CNN-LSTM,serial,DoS,100,0.83,0.83,0.86,0.71,1.0,1.0
constrained-input,cinput-cw,untargeted,CNN-LSTM,serial,Mirai,100,0.48,0.48,0.06,0.06,1.0,1.0
constrained-input,cinput-cw,untargeted,CNN-LSTM,serial,Recon,100,0.76,0.76,0.73,0.51,1.0,1.0
constrained-input,cinput-cw,untargeted,CNN-LSTM,serial,Spoofing,100,0.95,0.95,0.84,0.8,1.0,1.0
constrained-input,cinput-cw,untargeted,CNN-LSTM,serial,Web,100,0.85,0.85,0.99,0.84,1.0,1.0
constrained-input,cinput-pgd-target-benign,target-benign,CNN-LSTM,serial,DDoS,100,0.0,0.0,0.25,0.0,1.0,1.0
constrained-input,cinput-pgd-target-benign,target-benign,CNN-LSTM,serial,DoS,100,0.0,0.0,0.17,0.0,1.0,1.0
constrained-input,cinput-pgd-target-benign,target-benign,CNN-LSTM,serial,Mirai,100,0.0,0.0,0.0,0.0,1.0,1.0
constrained-input,cinput-pgd-target-benign,target-benign,CNN-LSTM,serial,Recon,100,0.0,0.0,0.47,0.0,1.0,1.0
constrained-input,cinput-pgd-target-benign,target-benign,CNN-LSTM,serial,Spoofing,100,0.05,0.05,0.26,0.01,1.0,1.0
constrained-input,cinput-pgd-target-benign,target-benign,CNN-LSTM,serial,Web,100,0.07,0.07,0.99,0.07,1.0,1.0
constrained-input,cinput-cw-target-benign,target-benign,CNN-LSTM,serial,DDoS,100,0.01,0.01,0.12,0.0,1.0,1.0
constrained-input,cinput-cw-target-benign,target-benign,CNN-LSTM,serial,DoS,100,0.02,0.02,0.03,0.0,1.0,1.0
constrained-input,cinput-cw-target-benign,target-benign,CNN-LSTM,serial,Mirai,100,0.0,0.0,0.0,0.0,1.0,1.0
constrained-input,cinput-cw-target-benign,target-benign,CNN-LSTM,serial,Recon,100,0.04,0.04,0.74,0.04,1.0,1.0
constrained-input,cinput-cw-target-benign,target-benign,CNN-LSTM,serial,Spoofing,100,0.24,0.24,0.62,0.2,1.0,1.0
constrained-input,cinput-cw-target-benign,target-benign,CNN-LSTM,serial,Web,100,0.0,0.0,0.99,0.0,1.0,1.0
constrained-input,cinput-pgd,untargeted,DualPath,dualpath,BruteForce,100,0.74,0.74,0.48,0.25,1.0,1.0
constrained-input,cinput-pgd,untargeted,DualPath,dualpath,DDoS,100,0.38,0.38,0.18,0.06,1.0,1.0
constrained-input,cinput-pgd,untargeted,DualPath,dualpath,DoS,100,0.82,0.82,0.22,0.18,1.0,1.0
constrained-input,cinput-pgd,untargeted,DualPath,dualpath,Mirai,100,0.14,0.14,0.02,0.01,1.0,1.0
constrained-input,cinput-pgd,untargeted,DualPath,dualpath,Recon,100,0.78,0.78,0.26,0.19,1.0,1.0
constrained-input,cinput-pgd,untargeted,DualPath,dualpath,Spoofing,100,0.49,0.49,0.24,0.13,1.0,1.0
constrained-input,cinput-pgd,untargeted,DualPath,dualpath,Web,100,0.0,0.0,1.0,0.0,1.0,1.0
constrained-input,cinput-cw,untargeted,DualPath,dualpath,BruteForce,100,1.0,1.0,0.57,0.57,1.0,1.0
constrained-input,cinput-cw,untargeted,DualPath,dualpath,DDoS,100,0.7,0.7,0.46,0.38,1.0,1.0
constrained-input,cinput-cw,untargeted,DualPath,dualpath,DoS,100,0.96,0.96,0.82,0.79,1.0,1.0
constrained-input,cinput-cw,untargeted,DualPath,dualpath,Mirai,100,1.0,1.0,0.02,0.02,1.0,1.0
constrained-input,cinput-cw,untargeted,DualPath,dualpath,Recon,100,0.9,0.9,0.75,0.68,1.0,1.0
constrained-input,cinput-cw,untargeted,DualPath,dualpath,Spoofing,100,0.81,0.81,0.67,0.59,1.0,1.0
constrained-input,cinput-cw,untargeted,DualPath,dualpath,Web,100,0.0,0.0,1.0,0.0,1.0,1.0
constrained-input,cinput-pgd-target-benign,target-benign,DualPath,dualpath,BruteForce,100,0.39,0.39,0.15,0.0,1.0,1.0
constrained-input,cinput-pgd-target-benign,target-benign,DualPath,dualpath,DDoS,100,0.0,0.0,0.31,0.0,1.0,1.0
constrained-input,cinput-pgd-target-benign,target-benign,DualPath,dualpath,DoS,100,0.0,0.0,0.32,0.0,1.0,1.0
constrained-input,cinput-pgd-target-benign,target-benign,DualPath,dualpath,Mirai,100,0.0,0.0,0.02,0.0,1.0,1.0
constrained-input,cinput-pgd-target-benign,target-benign,DualPath,dualpath,Recon,100,0.33,0.33,0.42,0.27,1.0,1.0
constrained-input,cinput-pgd-target-benign,target-benign,DualPath,dualpath,Spoofing,100,0.08,0.08,0.17,0.02,1.0,1.0
constrained-input,cinput-pgd-target-benign,target-benign,DualPath,dualpath,Web,100,0.0,0.0,1.0,0.0,1.0,1.0
constrained-input,cinput-cw-target-benign,target-benign,DualPath,dualpath,BruteForce,100,0.59,0.59,0.13,0.07,1.0,1.0
constrained-input,cinput-cw-target-benign,target-benign,DualPath,dualpath,DDoS,100,0.04,0.04,0.07,0.0,1.0,1.0
constrained-input,cinput-cw-target-benign,target-benign,DualPath,dualpath,DoS,100,0.06,0.06,0.28,0.0,1.0,1.0
constrained-input,cinput-cw-target-benign,target-benign,DualPath,dualpath,Mirai,100,0.11,0.11,0.0,0.0,1.0,1.0
constrained-input,cinput-cw-target-benign,target-benign,DualPath,dualpath,Recon,100,0.53,0.53,0.73,0.49,1.0,1.0
constrained-input,cinput-cw-target-benign,target-benign,DualPath,dualpath,Spoofing,100,0.28,0.28,0.33,0.2,1.0,1.0
constrained-input,cinput-cw-target-benign,target-benign,DualPath,dualpath,Web,100,0.0,0.0,1.0,0.0,1.0,1.0
latent,targeted-benign-latent-cw,target-benign,MLP,mlp,BruteForce,100,0.03,0.0,0.88,0.03,1.0,1.0
latent,targeted-benign-latent-cw,target-benign,MLP,mlp,DDoS,100,0.0,0.0,0.82,0.0,1.0,1.0
latent,targeted-benign-latent-cw,target-benign,MLP,mlp,DoS,100,0.0,0.0,0.85,0.0,1.0,1.0
latent,targeted-benign-latent-cw,target-benign,MLP,mlp,Mirai,100,0.0,0.0,0.86,0.0,1.0,1.0
latent,targeted-benign-latent-cw,target-benign,MLP,mlp,Recon,100,0.04,0.04,0.97,0.04,1.0,1.0
latent,targeted-benign-latent-cw,target-benign,MLP,mlp,Spoofing,100,0.27,0.24,0.95,0.26,1.0,1.0
latent,targeted-benign-latent-cw,target-benign,MLP,mlp,Web,100,0.02,0.02,0.93,0.02,1.0,1.0
latent,targeted-benign-latent-cw,target-benign,CNN,cnn,DDoS,100,0.0,0.0,0.89,0.0,1.0,1.0
latent,targeted-benign-latent-cw,target-benign,CNN,cnn,DoS,100,0.0,0.0,0.91,0.0,1.0,1.0
latent,targeted-benign-latent-cw,target-benign,CNN,cnn,Mirai,100,0.0,0.0,0.91,0.0,1.0,1.0
latent,targeted-benign-latent-cw,target-benign,CNN,cnn,Recon,100,0.08,0.08,0.97,0.08,1.0,1.0
latent,targeted-benign-latent-cw,target-benign,CNN,cnn,Spoofing,100,0.25,0.24,0.89,0.22,1.0,1.0
latent,targeted-benign-latent-cw,target-benign,LSTM,lstm,BruteForce,100,0.04,0.03,0.93,0.01,1.0,1.0
latent,targeted-benign-latent-cw,target-benign,LSTM,lstm,DDoS,100,0.0,0.0,0.82,0.0,1.0,1.0
latent,targeted-benign-latent-cw,target-benign,LSTM,lstm,DoS,100,0.0,0.0,0.9,0.0,1.0,1.0
latent,targeted-benign-latent-cw,target-benign,LSTM,lstm,Mirai,100,0.0,0.0,0.89,0.0,1.0,1.0
latent,targeted-benign-latent-cw,target-benign,LSTM,lstm,Recon,100,0.03,0.03,0.96,0.03,1.0,1.0
latent,targeted-benign-latent-cw,target-benign,LSTM,lstm,Spoofing,100,0.29,0.26,0.87,0.26,1.0,1.0
latent,targeted-benign-latent-cw,target-benign,LSTM,lstm,Web,100,0.06,0.06,1.0,0.06,1.0,1.0
latent,targeted-benign-latent-cw,target-benign,CNN-LSTM,serial,DDoS,100,0.0,0.0,0.88,0.0,1.0,1.0
latent,targeted-benign-latent-cw,target-benign,CNN-LSTM,serial,DoS,100,0.0,0.0,0.93,0.0,1.0,1.0
latent,targeted-benign-latent-cw,target-benign,CNN-LSTM,serial,Mirai,100,0.0,0.0,0.95,0.0,1.0,1.0
latent,targeted-benign-latent-cw,target-benign,CNN-LSTM,serial,Recon,100,0.03,0.03,0.97,0.03,1.0,1.0
latent,targeted-benign-latent-cw,target-benign,CNN-LSTM,serial,Spoofing,100,0.26,0.25,0.93,0.24,1.0,1.0
latent,targeted-benign-latent-cw,target-benign,CNN-LSTM,serial,Web,100,0.0,0.0,0.99,0.0,1.0,1.0
latent,targeted-benign-latent-cw,target-benign,DualPath,dualpath,BruteForce,100,0.14,0.08,0.8,0.03,1.0,1.0
latent,targeted-benign-latent-cw,target-benign,DualPath,dualpath,DDoS,100,0.0,0.0,0.84,0.0,1.0,1.0
latent,targeted-benign-latent-cw,target-benign,DualPath,dualpath,DoS,100,0.0,0.0,0.91,0.0,1.0,1.0
latent,targeted-benign-latent-cw,target-benign,DualPath,dualpath,Mirai,100,0.0,0.0,0.83,0.0,1.0,1.0
latent,targeted-benign-latent-cw,target-benign,DualPath,dualpath,Recon,100,0.04,0.04,0.97,0.04,1.0,1.0
latent,targeted-benign-latent-cw,target-benign,DualPath,dualpath,Spoofing,100,0.31,0.26,0.82,0.26,1.0,1.0
latent,targeted-benign-latent-cw,target-benign,DualPath,dualpath,Web,100,0.01,0.01,1.0,0.01,1.0,1.0
