task,model,model_display,n_test,num_classes,accuracy,macro_precision,macro_recall,macro_f1,weighted_precision,weighted_recall,weighted_f1,roc_auc,roc_auc_macro_ovr,roc_auc_weighted_ovr,roc_plot,runtime_sec
binary,mlp,MLP,885988,2,0.9672444773518377,0.8272608261332701,0.7567917599948604,0.7872539888575446,0.9642061636641981,0.9672444773518377,0.9652697199697862,0.9787495465566314,0.9787495465566314,0.9787495465566314,results\baseline_review\roc_curves\binary_mlp_roc_auc.png,0.9233779907226562
binary,cnn,CNN,885988,2,0.9659408479573087,0.8301570664510067,0.7217261082914901,0.7640477489311794,0.9615207265877317,0.9659408479573087,0.9626004004655152,0.9753791023810461,0.9753791023810461,0.9753791023810461,results\baseline_review\roc_curves\binary_cnn_roc_auc.png,1.0715348720550537
binary,lstm,LSTM,885988,2,0.9674182946044416,0.8326567944694092,0.7489033446163968,0.7840276081522322,0.9640169138325376,0.9674182946044416,0.9650743228676802,0.9789511476277133,0.9789511476277133,0.9789511476277133,results\baseline_review\roc_curves\binary_lstm_roc_auc.png,0.9374382495880127
binary,serial,CNN-LSTM,885988,2,0.9658245935610866,0.8430955402736802,0.6990131708207179,0.7498179403368168,0.9607838061648173,0.9658245935610866,0.9612956202791135,0.976182774448596,0.976182774448596,0.976182774448596,results\baseline_review\roc_curves\binary_serial_roc_auc.png,1.5583868026733398
binary,dualpath,DualPath,885988,2,0.9677715725269417,0.8373049310154526,0.7472423467507257,0.7845176135198921,0.9642872441015816,0.9677715725269417,0.9652914032855244,0.9793167715307243,0.9793167715307243,0.9793167715307243,results\baseline_review\roc_curves\binary_dualpath_roc_auc.png,1.1368670463562012
binary,rf,RandomForest,885988,2,0.9717885569556247,0.8651363746350935,0.7763448661032207,0.8138995550248158,0.9691852438984664,0.9717885569556247,0.9698377622290758,0.9836586444506802,0.9836586444506802,0.9836586444506802,results\baseline_review\roc_curves\binary_rf_roc_auc.png,6.0964319705963135
binary,xgb,XGBoost,885988,2,0.9733167943583886,0.8592073672437412,0.8139695997967903,0.8348868396765807,0.9718485315564387,0.9733167943583886,0.9724204282150612,0.9855254672301104,0.9855254672301104,0.9855254672301104,results\baseline_review\roc_curves\binary_xgb_roc_auc.png,1.3077149391174316
8class,mlp,MLP,885988,8,0.8448974478209638,0.8234412474734955,0.6274032564091898,0.6468898990592755,0.8419216272296756,0.8448974478209638,0.8396747047397414,0.9748281484535624,0.9748281484535624,0.9769681129492691,results\baseline_review\roc_curves\8class_mlp_roc_auc.png,3.6332859992980957
8class,cnn,CNN,885988,8,0.834941331033829,0.5945064935112501,0.5893195174196919,0.590679333861831,0.8246442323307418,0.834941331033829,0.8287802657551097,0.9696879360238029,0.9696879360238029,0.9752123836748877,results\baseline_review\roc_curves\8class_cnn_roc_auc.png,4.00892186164856
8class,lstm,LSTM,885988,8,0.8456830115080566,0.812307606482598,0.6276994856421425,0.6469770238706491,0.8435632670684198,0.8456830115080566,0.8413494577785293,0.9759271304231287,0.9759271304231287,0.9775343131239278,results\baseline_review\roc_curves\8class_lstm_roc_auc.png,3.9129152297973633
8class,serial,CNN-LSTM,885988,8,0.8393499686225998,0.7103902959531605,0.6040658820840443,0.606937609367177,0.8385628219483771,0.8393499686225998,0.8358399778351844,0.9731843814226435,0.9731843814226435,0.9764938387704453,results\baseline_review\roc_curves\8class_serial_roc_auc.png,4.575130462646484
8class,dualpath,DualPath,885988,8,0.8458557000772019,0.8264832401025928,0.6203221819651377,0.6398572561218749,0.8411364407319414,0.8458557000772019,0.8391259476571663,0.9752406709026712,0.9752406709026712,0.9776492802430478,results\baseline_review\roc_curves\8class_dualpath_roc_auc.png,4.026141881942749
8class,rf,RandomForest,885988,8,0.8555048149636338,0.8711932678394231,0.6399688511037209,0.6625286489565316,0.8539508787532303,0.8555048149636338,0.8503093794919324,0.980121391269996,0.980121391269996,0.97928677577049,results\baseline_review\roc_curves\8class_rf_roc_auc.png,9.651641368865967
8class,xgb,XGBoost,885988,8,0.8614225023363747,0.8250624019593604,0.6776560684814052,0.709386536356069,0.8584373449601146,0.8614225023363747,0.8576550031187016,0.9820090685430163,0.9820090685430163,0.9805343829049972,results\baseline_review\roc_curves\8class_xgb_roc_auc.png,10.839612245559692
34class,mlp,MLP,885988,34,0.7495022505948162,0.6278501261925034,0.5719530324886946,0.5678795035777818,0.7643222635318646,0.7495022505948162,0.7322681100875664,0.9810715574575243,0.9810715574575243,0.9870896082360053,results\baseline_review\roc_curves\34class_mlp_roc_auc.png,14.171035528182983
34class,cnn,CNN,885988,34,0.7023898743549574,0.5547110422275708,0.528513343553719,0.5239152400528665,0.7029207057535871,0.7023898743549574,0.6887819750348068,0.9763865219151278,0.9763865219151278,0.9842541711911513,results\baseline_review\roc_curves\34class_cnn_roc_auc.png,14.869340896606445
34class,lstm,LSTM,885988,34,0.7557574143216387,0.6540373628150755,0.5763370827946508,0.5747338503771221,0.7641533383591578,0.7557574143216387,0.7416483955305802,0.981979051303811,0.981979051303811,0.9877933499093761,results\baseline_review\roc_curves\34class_lstm_roc_auc.png,14.546684980392456
34class,serial,CNN-LSTM,885988,34,0.744403987412922,0.6361059793008663,0.5672388985452363,0.5628458710079544,0.7495021599774055,0.744403987412922,0.729295828317415,0.9807855053688002,0.9807855053688002,0.9871094998771516,results\baseline_review\roc_curves\34class_serial_roc_auc.png,15.231739282608032
34class,dualpath,DualPath,885988,34,0.7535011760881637,0.66181266350056,0.5750585512675683,0.5711541011470055,0.7692444705186643,0.7535011760881637,0.7381248983710399,0.9811208674297499,0.9811208674297499,0.987572061801202,results\baseline_review\roc_curves\34class_dualpath_roc_auc.png,14.2961905002594
34class,rf,RandomForest,885988,34,0.7719370916987589,0.7261962695995887,0.5939122690822645,0.5985342935900428,0.77766613310979,0.7719370916987589,0.7610932908331928,0.9856056351826161,0.9856056351826161,0.989256056013386,results\baseline_review\roc_curves\34class_rf_roc_auc.png,20.497087001800537
34class,xgb,XGBoost,885988,34,0.7821584490986334,0.7105181457156775,0.6191150415277379,0.6311087039977666,0.7816377399469113,0.7821584490986334,0.7748745030520562,0.986836506725516,0.986836506725516,0.990019254490503,results\baseline_review\roc_curves\34class_xgb_roc_auc.png,33.02392864227295
