task,model,class_index,class_name,support,precision,recall,f1,roc_auc_ovr
binary,mlp,0,Benign,39998,0.6767234439900828,0.5254512725636282,0.5915699106326086,
binary,mlp,1,Attack,845990,0.9777982082764574,0.9881322474260925,0.9829380670824807,0.9787495465566314
binary,cnn,0,Benign,39998,0.6857553521446403,0.45327266363318164,0.5457884279607442,
binary,cnn,1,Attack,845990,0.974558780757373,0.9901795529497984,0.9823070699016148,0.9753791023810461
binary,lstm,0,Benign,39998,0.6882589723641038,0.5087004350217511,0.5850117163353028,
binary,lstm,1,Attack,845990,0.9770546165747147,0.9891062542110427,0.9830434999691614,0.9789511476277133
binary,serial,0,Benign,39998,0.7137265250472797,0.4057202860143007,0.5173507611381206,
binary,serial,1,Attack,845990,0.9724645555000805,0.992306055627135,0.9822851195355131,0.976182774448596
binary,dualpath,0,Benign,39998,0.6977194194885971,0.5048252412620631,0.585801734892222,
binary,dualpath,1,Attack,845990,0.9768904425423081,0.9896594522393882,0.9832334921475622,0.9793167715307243
binary,rf,0,Benign,39998,0.7507604880494735,0.5615030751537576,0.6424842304006408,
binary,rf,1,Attack,845990,0.9795122612207137,0.9911866570526838,0.9853148796489907,0.9836586444506802
binary,xgb,0,Benign,39998,0.7353863865304361,0.6388069403470173,0.6837028216689188,
binary,xgb,1,Attack,845990,0.9830283479570463,0.9891322592465632,0.9860708576842425,0.9855254672301104
8class,mlp,0,Benign,39998,0.6190981432360743,0.6127056352817641,0.6158853021373911,0.9783622353347836
8class,mlp,1,BruteForce,2504,0.9974093264248705,0.15375399361022365,0.2664359861591695,0.9593944128230171
8class,mlp,2,DDoS,409984,0.8722370460133064,0.9129380658757414,0.8921235754064777,0.9737853883572613
8class,mlp,3,DoS,133755,0.690462294310827,0.5925984075361669,0.6377981267501368,0.9497158014899463
8class,mlp,4,Mirai,119992,0.9986973404033235,0.9967247816521101,0.9977100860490433,0.9999879843897
8class,mlp,5,Recon,100705,0.7812687966599441,0.8770567499131126,0.8263963285412875,0.9878275713647129
8class,mlp,6,Spoofing,74291,0.8981983025808881,0.8347848326176791,0.8653313519886701,0.9928356970074379
8class,mlp,7,Web,4759,0.7301587301587301,0.0386635847867199,0.07343843544202754,0.9567160968616398
8class,cnn,0,Benign,39998,0.6237130225795923,0.5255512775638782,0.5704400211666056,0.9744064948847273
8class,cnn,1,BruteForce,2504,0.0,0.0,0.0,0.9429183739889343
8class,cnn,2,DDoS,409984,0.8730670118256163,0.9048840930377771,0.8886908633156427,0.9726379188996319
8class,cnn,3,DoS,133755,0.6732850168604358,0.6000897162722889,0.6345836841668346,0.9475159193880914
8class,cnn,4,Mirai,119992,0.9983674904560981,0.993841256083739,0.9960992315402606,0.9999676572267189
8class,cnn,5,Recon,100705,0.7547865600559269,0.8576932624993794,0.8029562145579623,0.9848413592378796
8class,cnn,6,Spoofing,74291,0.8328328463123308,0.8324965339004725,0.8326646561473423,0.9896717256085933
8class,cnn,7,Web,4759,0.0,0.0,0.0,0.945544038955847
8class,lstm,0,Benign,39998,0.6434117033826232,0.5863543177158858,0.6135593663749689,0.9791879482300218
8class,lstm,1,BruteForce,2504,0.9973118279569892,0.1481629392971246,0.2579972183588317,0.962513568169184
8class,lstm,2,DDoS,409984,0.8799488658774777,0.9032791523571652,0.8914613919921814,0.9743988038948227
8class,lstm,3,DoS,133755,0.6789489089076067,0.6243355388583605,0.6504979532698997,0.9508468353062131
8class,lstm,4,Mirai,119992,0.9982563281106606,0.9971748116541103,0.9977152767933827,0.9999899618490885
8class,lstm,5,Recon,100705,0.7688467086003977,0.8945434685467455,0.8269458494359125,0.9881580840218125
8class,lstm,6,Spoofing,74291,0.9071751055162576,0.8303428409901603,0.8670602291095649,0.9929986886090493
8class,lstm,7,Web,4759,0.624561403508772,0.03740281571758773,0.07057890563045202,0.9593231533048376
8class,serial,0,Benign,39998,0.6445513606276048,0.5258512925646283,0.579182156133829,0.9767620654020561
8class,serial,1,BruteForce,2504,0.0,0.0,0.0,0.9536095543850549
8class,serial,2,DDoS,409984,0.88974108884554,0.8811124336559476,0.8854057392719537,0.9734709762930748
8class,serial,3,DoS,133755,0.6482750618250912,0.6683114649919629,0.6581408019319404,0.9492598155610321
8class,serial,4,Mirai,119992,0.9978698343482946,0.9955163677578506,0.9966917117575647,0.9999658386016381
8class,serial,5,Recon,100705,0.7569535312866968,0.8961223375204806,0.8206797771967717,0.9869857108332666
8class,serial,6,Spoofing,74291,0.8832314906920563,0.8366154715914444,0.8592917234085206,0.9921924948196273
8class,serial,7,Web,4759,0.8625,0.028997688590039924,0.056108965236836755,0.9532285954853985
8class,dualpath,0,Benign,39998,0.6635912426539996,0.5448522426121306,0.5983882260876728,0.9784662684209282
8class,dualpath,1,BruteForce,2504,0.9973118279569892,0.1481629392971246,0.2579972183588317,0.9600827110143789
8class,dualpath,2,DDoS,409984,0.8711884434044229,0.9171528645020294,0.8935799591016624,0.9747016951896462
8class,dualpath,3,DoS,133755,0.6984412416654056,0.5865799409367874,0.6376418191866324,0.9513786943921809
8class,dualpath,4,Mirai,119992,0.9988977127539644,0.9968914594306287,0.997893577706127,0.9999811075680964
8class,dualpath,5,Recon,100705,0.7779825327510917,0.8845538950399682,0.8278525127204294,0.9879097020670173
8class,dualpath,6,Spoofing,74291,0.8594864766818493,0.8610598861234874,0.8602724619750131,0.9927318878195444
8class,dualpath,7,Web,4759,0.7449664429530202,0.023324227778945158,0.04523227383863081,0.9566733007495772
8class,rf,0,Benign,39998,0.7007323385276141,0.6363318165908295,0.6669811320754717,0.9834622059180124
8class,rf,1,BruteForce,2504,1.0,0.11701277955271565,0.20951018948873792,0.9728749433896065
8class,rf,2,DDoS,409984,0.8765512721539506,0.91669674914143,0.8961746418756594,0.9758754802204643
8class,rf,3,DoS,133755,0.7044534412955465,0.6075137378041943,0.6524022095189158,0.9537149291078413
8class,rf,4,Mirai,119992,0.9994062452959575,0.9959580638709248,0.99767917518888,0.9999924707217882
8class,rf,5,Recon,100705,0.7822564625204046,0.899379375403406,0.8367392188019659,0.9897212740460581
8class,rf,6,Spoofing,74291,0.9304051430297278,0.8707918859619604,0.899612020414123,0.9951141402530151
8class,rf,7,Web,4759,0.9757412398921833,0.07606640050430763,0.14113060428849902,0.9702156865031824
8class,xgb,0,Benign,39998,0.6988857868658669,0.6947097354867744,0.6967915041939893,0.9856200366845255
8class,xgb,1,BruteForce,2504,0.8266666666666667,0.22284345047923323,0.3510537905001573,0.9758027055114052
8class,xgb,2,DDoS,409984,0.8801868857289175,0.918094364658133,0.8987410834203851,0.9770783594041239
8class,xgb,3,DoS,133755,0.7119104757481142,0.6187880826884976,0.6620909229083172,0.955930929807423
8class,xgb,4,Mirai,119992,0.9991487515022033,0.9977498499899994,0.9984488107549121,0.9999952468406361
8class,xgb,5,Recon,100705,0.8100424622683362,0.8884365225162604,0.8474303358654265,0.9908940316144758
8class,xgb,6,Spoofing,74291,0.9352086959002596,0.8824756700004038,0.9080772613630854,0.9962348668874932
8class,xgb,7,Web,4759,0.7384494909945184,0.19815087203193948,0.31245858184227965,0.9745163715940469
34class,mlp,0,BACKDOOR_MALWARE,615,0.0,0.0,0.0,0.9595786191955347
34class,mlp,1,BENIGN,39998,0.5212490695778542,0.7353367668383419,0.6100555878204597,0.9779704548354642
34class,mlp,2,BROWSERHIJACKING,1126,0.0,0.0,0.0,0.9583279758030567
34class,mlp,3,COMMANDINJECTION,1034,0.6539923954372624,0.16634429400386846,0.26522744795682346,0.971328082755716
34class,mlp,4,DDOS-ACK_FRAGMENTATION,39996,0.9769374969167777,0.9902740274027403,0.9835605552658373,0.9999714986682027
34class,mlp,5,DDOS-HTTP_FLOOD,5519,0.8456464379947229,0.6968653741619859,0.7640806595808086,0.9983987168868751
34class,mlp,6,DDOS-ICMP_FLOOD,40000,0.9998748686120427,0.998825,0.9993496585707496,0.9999966797696894
34class,mlp,7,DDOS-ICMP_FRAGMENTATION,39996,0.9978839486028962,0.9786228622862286,0.9881595556677607,0.9999620947872431
34class,mlp,8,DDOS-PSHACK_FLOOD,40000,0.9940280680800239,0.9987,0.9963585573901332,0.9999965637514954
34class,mlp,9,DDOS-RSTFINFLOOD,40000,0.9998998998998999,0.9989,0.9993996998499249,0.9999897055277379
34class,mlp,10,DDOS-SLOWLORIS,4480,0.7269801537636331,0.9075892857142858,0.8073066613719845,0.9992865004284054
34class,mlp,11,DDOS-SYNONYMOUSIP_FLOOD,40000,0.43220692532332083,0.6475,0.5183887915936952,0.9695410008475297
34class,mlp,12,DDOS-SYN_FLOOD,39999,0.5248678519942336,0.10922773069326733,0.18082486600583572,0.9597339836390628
34class,mlp,13,DDOS-TCP_FLOOD,39999,0.7489964940805853,0.3685342133553339,0.4940013404825737,0.9837837539475756
34class,mlp,14,DDOS-UDP_FLOOD,39999,0.6138575321136629,0.9462236555913898,0.7446362697358714,0.9896624495278902
34class,mlp,15,DDOS-UDP_FRAGMENTATION,39996,0.984147525072792,0.9887488748874887,0.9864428341585701,0.9999534275412854
34class,mlp,16,DICTIONARYBRUTEFORCE,2504,0.9973190348525469,0.1485623003194888,0.2586027111574557,0.959054187232271
34class,mlp,17,DNS_SPOOFING,34293,0.7363903469677462,0.6504534453095384,0.6907593211941038,0.9832206292609358
34class,mlp,18,DOS-HTTP_FLOOD,13759,0.8842819186127814,0.9191801729776873,0.9013933929653255,0.9992633155673762
34class,mlp,19,DOS-SYN_FLOOD,39999,0.44550631923857076,0.5710642766069152,0.5005313845580743,0.9710112874064564
34class,mlp,20,DOS-TCP_FLOOD,39999,0.5807169303823739,0.8744218605465136,0.6979287225126711,0.9836832476015337
34class,mlp,21,DOS-UDP_FLOOD,39998,0.8807269144452351,0.40227011350567526,0.5522851699933067,0.9895375496383894
34class,mlp,22,MIRAI-GREETH_FLOOD,39997,0.988879340848203,0.9782233667525064,0.9835224916104219,0.9998355785759797
34class,mlp,23,MIRAI-GREIP_FLOOD,39998,0.979142899657755,0.9870743537176859,0.9830926294820718,0.9997501046756494
34class,mlp,24,MIRAI-UDPPLAIN,39997,0.9970443102973223,0.995199639972998,0.9961211211211212,0.999989546267889
34class,mlp,25,MITM-ARPSPOOFING,39998,0.7333313973748403,0.6313565678283914,0.6785340032780719,0.9837921313818856
34class,mlp,26,RECON-HOSTDISCOVERY,25735,0.6888925978469499,0.6415387604429765,0.6643729502424498,0.9852932712823852
34class,mlp,27,RECON-OSSCAN,18793,0.44304707150556955,0.06560953546533284,0.114293659621802,0.9562384674656327
34class,mlp,28,RECON-PINGSWEEP,432,0.0,0.0,0.0,0.9493966298511268
34class,mlp,29,RECON-PORTSCAN,15746,0.5021285885820326,0.2921376857614632,0.3693740715461517,0.9616941876151637
34class,mlp,30,SQLINJECTION,1004,0.0,0.0,0.0,0.963722503475697
34class,mlp,31,UPLOADING_ATTACK,239,0.0,0.0,0.0,0.9670455296914374
34class,mlp,32,VULNERABILITYSCAN,39999,0.46892795246348107,0.7576189404735119,0.5792990069105264,0.9733495738429409
34class,mlp,33,XSS,741,0.0,0.0,0.0,0.9630737048103107
34class,cnn,0,BACKDOOR_MALWARE,615,0.0,0.0,0.0,0.9513643457368237
34class,cnn,1,BENIGN,39998,0.5320762224776726,0.6017550877543877,0.5647746204566253,0.9719696854356542
34class,cnn,2,BROWSERHIJACKING,1126,0.0,0.0,0.0,0.9419929884361292
34class,cnn,3,COMMANDINJECTION,1034,0.6529411764705882,0.10735009671179883,0.18438538205980065,0.9617955199402359
34class,cnn,4,DDOS-ACK_FRAGMENTATION,39996,0.9811560290749776,0.9854735473547355,0.9833100488973157,0.9998623058654057
34class,cnn,5,DDOS-HTTP_FLOOD,5519,0.7956689536878216,0.6724044210907774,0.728861828537759,0.9977246439071512
34class,cnn,6,DDOS-ICMP_FLOOD,40000,0.9997747014794602,0.99845,0.9991119116414625,0.999986784135827
34class,cnn,7,DDOS-ICMP_FRAGMENTATION,39996,0.9924495794061011,0.9793479347934794,0.9858552300412765,0.9998711585926581
34class,cnn,8,DDOS-PSHACK_FLOOD,40000,0.9989709351940164,0.995025,0.9969940632749681,0.9998932428119547
34class,cnn,9,DDOS-RSTFINFLOOD,40000,0.9999249117713314,0.99875,0.9993371105524496,0.9999909004323938
34class,cnn,10,DDOS-SLOWLORIS,4480,0.7186827378390013,0.7453125,0.7317554240631163,0.9986941497856919
34class,cnn,11,DDOS-SYNONYMOUSIP_FLOOD,40000,0.4593461505886339,0.54235,0.4974090888246893,0.9694803713823363
34class,cnn,12,DDOS-SYN_FLOOD,39999,0.505006574289471,0.12482812070301758,0.2001764021970092,0.9589174895196049
34class,cnn,13,DDOS-TCP_FLOOD,39999,0.6850763398601885,0.49246231155778897,0.5730160577146847,0.984746415264711
34class,cnn,14,DDOS-UDP_FLOOD,39999,0.6933434896921149,0.7054426360659016,0.6993407356002775,0.9901406294461561
34class,cnn,15,DDOS-UDP_FRAGMENTATION,39996,0.9890156739811912,0.986023602360236,0.9875173717619662,0.9999288977582617
34class,cnn,16,DICTIONARYBRUTEFORCE,2504,0.0,0.0,0.0,0.9438431320893901
34class,cnn,17,DNS_SPOOFING,34293,0.6990916099621225,0.6081707637127111,0.6504693883916041,0.9771187036545274
34class,cnn,18,DOS-HTTP_FLOOD,13759,0.8085770725801312,0.922232720401192,0.8616732310199647,0.9989250035181926
34class,cnn,19,DOS-SYN_FLOOD,39999,0.44078989344732983,0.6908672716817921,0.5381971156187008,0.9713764274941081
34class,cnn,20,DOS-TCP_FLOOD,39999,0.6026012692940531,0.7691192279806995,0.6757531493338897,0.9845645418785651
34class,cnn,21,DOS-UDP_FLOOD,39998,0.6960734319224885,0.6825341267063353,0.689237294554268,0.9898591764804968
34class,cnn,22,MIRAI-GREETH_FLOOD,39997,0.5724383576773339,0.5183388754156562,0.5440470254808828,0.9871926009605019
34class,cnn,23,MIRAI-GREIP_FLOOD,39998,0.5592630171101785,0.6063553177658882,0.5818578763015211,0.9870097449806827
34class,cnn,24,MIRAI-UDPPLAIN,39997,0.9891969930801016,0.9935745180888567,0.9913809232764965,0.9999465603171761
34class,cnn,25,MITM-ARPSPOOFING,39998,0.6292984517909151,0.615830791539577,0.6224917867071014,0.9770909402395143
34class,cnn,26,RECON-HOSTDISCOVERY,25735,0.5981335666375036,0.6375752865747037,0.6172249703763613,0.9798105645648444
34class,cnn,27,RECON-OSSCAN,18793,0.34721390053924506,0.061671899111371255,0.10473995752564276,0.9455895353802077
34class,cnn,28,RECON-PINGSWEEP,432,0.0,0.0,0.0,0.9418692823638064
34class,cnn,29,RECON-PORTSCAN,15746,0.49864314789687925,0.1867140861171091,0.27169392847241475,0.9536284554847182
34class,cnn,30,SQLINJECTION,1004,0.0,0.0,0.0,0.9564715266151255
34class,cnn,31,UPLOADING_ATTACK,239,0.0,0.0,0.0,0.9577710207399301
34class,cnn,32,VULNERABILITYSCAN,39999,0.41542124798655367,0.7414935373384335,0.5325062391152127,0.9663916346043674
34class,cnn,33,XSS,741,0.0,0.0,0.0,0.9523233652971931
34class,lstm,0,BACKDOOR_MALWARE,615,0.0,0.0,0.0,0.960594467745297
34class,lstm,1,BENIGN,39998,0.5341021357618868,0.7433871693584679,0.6216015637249266,0.9788147374957017
34class,lstm,2,BROWSERHIJACKING,1126,0.0,0.0,0.0,0.9625285665862908
34class,lstm,3,COMMANDINJECTION,1034,0.7330097087378641,0.14603481624758222,0.2435483870967742,0.971404928372087
34class,lstm,4,DDOS-ACK_FRAGMENTATION,39996,0.9911393358267024,0.9872487248724873,0.9891902047973946,0.9999718440221974
34class,lstm,5,DDOS-HTTP_FLOOD,5519,0.8648525040018294,0.6852690704837833,0.7646583097452487,0.9985741304288661
34class,lstm,6,DDOS-ICMP_FLOOD,40000,0.9998498385764697,0.998775,0.9993121302700201,0.9999969974455903
34class,lstm,7,DDOS-ICMP_FRAGMENTATION,39996,0.9859172544899695,0.9854735473547355,0.9856953509890715,0.9999509561271591
34class,lstm,8,DDOS-PSHACK_FLOOD,40000,0.9995739561926721,0.997125,0.9983479762709319,0.9999970642609588
34class,lstm,9,DDOS-RSTFINFLOOD,40000,1.0,0.9989,0.9994496973335334,0.9999944982671148
34class,lstm,10,DDOS-SLOWLORIS,4480,0.7418769286621891,0.9122767857142857,0.8183001301431575,0.9994793046708432
34class,lstm,11,DDOS-SYNONYMOUSIP_FLOOD,40000,0.5645113958720532,0.28855,0.3818945835952751,0.970472772663442
34class,lstm,12,DDOS-SYN_FLOOD,39999,0.4822985368812069,0.15905397634940874,0.23921789810114683,0.9616728940385145
34class,lstm,13,DDOS-TCP_FLOOD,39999,0.6910898379970545,0.4692617315432886,0.5589719918402597,0.9851912229188998
34class,lstm,14,DDOS-UDP_FLOOD,39999,0.6915980698268521,0.7309682742068552,0.7107383773928897,0.9905261403581771
34class,lstm,15,DDOS-UDP_FRAGMENTATION,39996,0.9868230596456201,0.9886488648864886,0.9877351185272151,0.9999506897711727
34class,lstm,16,DICTIONARYBRUTEFORCE,2504,1.0,0.14936102236421725,0.2599027102154274,0.9618177129450158
34class,lstm,17,DNS_SPOOFING,34293,0.7190645530709421,0.6957688157933106,0.7072248981104112,0.9845446922809011
34class,lstm,18,DOS-HTTP_FLOOD,13759,0.872193670543684,0.9374227778181554,0.9036326058780257,0.9993401287572213
34class,lstm,19,DOS-SYN_FLOOD,39999,0.41265084730013823,0.8882222055551389,0.563507169140972,0.9734460790913062
34class,lstm,20,DOS-TCP_FLOOD,39999,0.5979140987958661,0.7882947073676841,0.6800310565704056,0.9851053506248446
34class,lstm,21,DOS-UDP_FLOOD,39998,0.7132005312084994,0.6713335666783339,0.6916340407995054,0.9903884634709755
34class,lstm,22,MIRAI-GREETH_FLOOD,39997,0.9889727074509411,0.9865989949246193,0.9877844251420561,0.9998997903544666
34class,lstm,23,MIRAI-GREIP_FLOOD,39998,0.9893686374805677,0.9864993249662483,0.9879318978467702,0.9998617191258622
34class,lstm,24,MIRAI-UDPPLAIN,39997,0.9970942611658025,0.995199639972998,0.9961460497009434,0.9999913673014974
34class,lstm,25,MITM-ARPSPOOFING,39998,0.7577774431561511,0.6290814540727037,0.6874581642828845,0.9848304236273528
34class,lstm,26,RECON-HOSTDISCOVERY,25735,0.6812159635861172,0.6513308723528269,0.6659383007886216,0.9857772781164987
34class,lstm,27,RECON-OSSCAN,18793,0.4373259052924791,0.09189591869313042,0.15187758332600476,0.9574231268347906
34class,lstm,28,RECON-PINGSWEEP,432,0.0,0.0,0.0,0.954347576237101
34class,lstm,29,RECON-PORTSCAN,15746,0.5076851420586865,0.27689571954782166,0.3583463466754335,0.962527119575706
34class,lstm,30,SQLINJECTION,1004,0.8181818181818182,0.008964143426294821,0.017733990147783252,0.962982162137273
34class,lstm,31,UPLOADING_ATTACK,239,0.0,0.0,0.0,0.9676729919392949
34class,lstm,32,VULNERABILITYSCAN,39999,0.4779821939484999,0.7476186904672617,0.5831399543690645,0.9742688590731623
34class,lstm,33,XSS,741,0.0,0.0,0.0,0.9639416876639934
34class,serial,0,BACKDOOR_MALWARE,615,0.0,0.0,0.0,0.9592071915232199
34class,serial,1,BENIGN,39998,0.5119026626697232,0.7257862893144658,0.6003639822972247,0.9772868483463654
34class,serial,2,BROWSERHIJACKING,1126,0.7816091954022989,0.06039076376554174,0.11211871393239901,0.9601349715034992
34class,serial,3,COMMANDINJECTION,1034,0.7637795275590551,0.09381044487427466,0.16709732988802756,0.9692268583486766
34class,serial,4,DDOS-ACK_FRAGMENTATION,39996,0.9890388281328384,0.9858735873587359,0.9874536712411098,0.9999269482688748
34class,serial,5,DDOS-HTTP_FLOOD,5519,0.8536640360766629,0.685993839463671,0.7606992163954189,0.9983996100180849
34class,serial,6,DDOS-ICMP_FLOOD,40000,0.9998748216208097,0.99845,0.9991619028557848,0.9999894919608789
34class,serial,7,DDOS-ICMP_FRAGMENTATION,39996,0.9878073306853035,0.9824232423242324,0.985107929901973,0.9999257776915763
34class,serial,8,DDOS-PSHACK_FLOOD,40000,0.996330412641354,0.9978,0.9970646648097028,0.9999933956510022
34class,serial,9,DDOS-RSTFINFLOOD,40000,1.0,0.998625,0.9993120270185752,0.999969668452744
34class,serial,10,DDOS-SLOWLORIS,4480,0.6466353677621284,0.9223214285714286,0.7602575896964121,0.999061228487757
34class,serial,11,DDOS-SYNONYMOUSIP_FLOOD,40000,0.5078115156860274,0.40305,0.4494062552266265,0.9691450840319248
34class,serial,12,DDOS-SYN_FLOOD,39999,0.397734093637455,0.1325283132078302,0.19881110881917227,0.9607815227827926
34class,serial,13,DDOS-TCP_FLOOD,39999,0.717893188411719,0.4392359808995225,0.5450117880630351,0.9852373727223318
34class,serial,14,DDOS-UDP_FLOOD,39999,0.6331551559347234,0.8943223580589514,0.741411650103112,0.9904710279062265
34class,serial,15,DDOS-UDP_FRAGMENTATION,39996,0.9893438307048116,0.9865486548654866,0.9879442657018741,0.9999151179402945
34class,serial,16,DICTIONARYBRUTEFORCE,2504,0.8566978193146417,0.10982428115015974,0.19469026548672566,0.9554441099844425
34class,serial,17,DNS_SPOOFING,34293,0.7032596363190334,0.6687662205114746,0.6855793375582925,0.9829417228605739
34class,serial,18,DOS-HTTP_FLOOD,13759,0.8775093329576671,0.9054437095719166,0.8912576906567463,0.9991758637630282
34class,serial,19,DOS-SYN_FLOOD,39999,0.43122716526971844,0.8026200655016376,0.5610282488837628,0.9730303524920205
34class,serial,20,DOS-TCP_FLOOD,39999,0.5954376332044937,0.8241956048901222,0.6913857285167514,0.9850980071572437
34class,serial,21,DOS-UDP_FLOOD,39998,0.8165137614678899,0.4783989199459973,0.603313732599751,0.9902687944448169
34class,serial,22,MIRAI-GREETH_FLOOD,39997,0.8722533247770574,0.985523914293572,0.9254355073484528,0.999263011856627
34class,serial,23,MIRAI-GREIP_FLOOD,39998,0.9878721058434399,0.8512425621281065,0.9144821658788139,0.9992972120059567
34class,serial,24,MIRAI-UDPPLAIN,39997,0.991272038103788,0.9938495387154036,0.9925591150840221,0.999972798527508
34class,serial,25,MITM-ARPSPOOFING,39998,0.7105737704918033,0.6502075103755188,0.6790516723674247,0.9832694580094788
34class,serial,26,RECON-HOSTDISCOVERY,25735,0.6329935125115848,0.6634932970662522,0.6478846518687156,0.9840804830882851
34class,serial,27,RECON-OSSCAN,18793,0.3870884106818771,0.07944447400627894,0.13183222958057395,0.9536308850353934
34class,serial,28,RECON-PINGSWEEP,432,0.0,0.0,0.0,0.9500717941923242
34class,serial,29,RECON-PORTSCAN,15746,0.4979157017137564,0.27308522799441126,0.35271921909605447,0.9601290187655661
34class,serial,30,SQLINJECTION,1004,0.0,0.0,0.0,0.9621427114823387
34class,serial,31,UPLOADING_ATTACK,239,0.0,0.0,0.0,0.9659790280982489
34class,serial,32,VULNERABILITYSCAN,39999,0.49040911664779163,0.6928673216830421,0.5743179533939137,0.9723204607983765
34class,serial,33,XSS,741,0.0,0.0,0.0,0.9619193543407261
34class,dualpath,0,BACKDOOR_MALWARE,615,0.0,0.0,0.0,0.9565744634623197
34class,dualpath,1,BENIGN,39998,0.5638478110815955,0.6739586979348967,0.6140057170840594,0.9784946316105034
34class,dualpath,2,BROWSERHIJACKING,1126,0.9523809523809523,0.017761989342806393,0.03487358326068003,0.9556290592048767
34class,dualpath,3,COMMANDINJECTION,1034,0.8134328358208955,0.10541586073500966,0.18664383561643835,0.9704300178489209
34class,dualpath,4,DDOS-ACK_FRAGMENTATION,39996,0.9846073376671897,0.9883738373837384,0.9864869923264084,0.9999709353529987
34class,dualpath,5,DDOS-HTTP_FLOOD,5519,0.8432883750802826,0.713716252944374,0.7731108930323847,0.9983829108310532
34class,dualpath,6,DDOS-ICMP_FLOOD,40000,0.999824820440952,0.9988,0.9993121474755813,0.9999922249044905
34class,dualpath,7,DDOS-ICMP_FRAGMENTATION,39996,0.9870959659233275,0.9849734973497349,0.9860335894676244,0.9999490613866728
34class,dualpath,8,DDOS-PSHACK_FLOOD,40000,0.9993235286748678,0.99715,0.998235581194549,0.999996735798853
34class,dualpath,9,DDOS-RSTFINFLOOD,40000,0.9999499461921566,0.998875,0.9994121840489263,0.9999882644020954
34class,dualpath,10,DDOS-SLOWLORIS,4480,0.7224830464267084,0.9274553571428571,0.8122373179552341,0.9993517153782415
34class,dualpath,11,DDOS-SYNONYMOUSIP_FLOOD,40000,0.4076536154536438,0.863125,0.5537644756680461,0.9702129020447099
34class,dualpath,12,DDOS-SYN_FLOOD,39999,0.4533004985284401,0.18867971699292482,0.26645247846349385,0.9606815582569864
34class,dualpath,13,DDOS-TCP_FLOOD,39999,0.7379298291606589,0.4222355558888972,0.537130680914671,0.985397355663712
34class,dualpath,14,DDOS-UDP_FLOOD,39999,0.8482501861504095,0.42721068026700665,0.5682362330407024,0.9904599957198414
34class,dualpath,15,DDOS-UDP_FRAGMENTATION,39996,0.9928274820687052,0.9863486348634863,0.9895774541897129,0.9999303143435744
34class,dualpath,16,DICTIONARYBRUTEFORCE,2504,1.0,0.14896166134185304,0.25929787973583596,0.9566869374390727
34class,dualpath,17,DNS_SPOOFING,34293,0.7264564169951818,0.6770769544805062,0.7008980454305336,0.98382795218782
34class,dualpath,18,DOS-HTTP_FLOOD,13759,0.885233251490705,0.9171451413620176,0.9009066895123866,0.9992475355058178
34class,dualpath,19,DOS-SYN_FLOOD,39999,0.6635595530117198,0.30433260831520786,0.4172836966954614,0.9732840838394117
34class,dualpath,20,DOS-TCP_FLOOD,39999,0.5949446966642711,0.8485462136553413,0.699468304344242,0.9852938398947954
34class,dualpath,21,DOS-UDP_FLOOD,39998,0.6160936846507737,0.9207210360518026,0.7382157497519369,0.990316270148665
34class,dualpath,22,MIRAI-GREETH_FLOOD,39997,0.98785536159601,0.990399279945996,0.989125685106808,0.9998656997577282
34class,dualpath,23,MIRAI-GREIP_FLOOD,39998,0.992897977686554,0.9856742837141858,0.9892729439809297,0.9998425756551838
34class,dualpath,24,MIRAI-UDPPLAIN,39997,0.9923776310873085,0.9960497037277796,0.9942102767587532,0.9999800998176658
34class,dualpath,25,MITM-ARPSPOOFING,39998,0.7014292571062877,0.6576578828941447,0.6788387096774193,0.9840847056892024
34class,dualpath,26,RECON-HOSTDISCOVERY,25735,0.6513488372093024,0.680202059452108,0.6654628397643033,0.985650127727266
34class,dualpath,27,RECON-OSSCAN,18793,0.42898300201670986,0.07923162879795669,0.1337585339561624,0.9565294243950456
34class,dualpath,28,RECON-PINGSWEEP,432,0.0,0.0,0.0,0.9468967748740569
34class,dualpath,29,RECON-PORTSCAN,15746,0.485577920730442,0.2972183411660104,0.36873621178695243,0.9618860704523526
34class,dualpath,30,SQLINJECTION,1004,0.0,0.0,0.0,0.9631256793739319
34class,dualpath,31,UPLOADING_ATTACK,239,0.0,0.0,0.0,0.9680114757710363
34class,dualpath,32,VULNERABILITYSCAN,39999,0.468676737722989,0.7546938673466836,0.5782507087579496,0.9738000126508413
34class,dualpath,33,XSS,741,0.0,0.0,0.0,0.9643380812217545
34class,rf,0,BACKDOOR_MALWARE,615,0.9,0.014634146341463415,0.0288,0.9759605760390604
34class,rf,1,BENIGN,39998,0.5812612342720191,0.776138806940347,0.6647110463995889,0.9834293917588348
34class,rf,2,BROWSERHIJACKING,1126,0.963963963963964,0.09502664298401421,0.17299919159256266,0.974845431839081
34class,rf,3,COMMANDINJECTION,1034,0.9230769230769231,0.20889748549323017,0.34069400630914826,0.9819047687314033
34class,rf,4,DDOS-ACK_FRAGMENTATION,39996,0.9912008022060667,0.9885738573857386,0.98988558696142,0.9999750931366955
34class,rf,5,DDOS-HTTP_FLOOD,5519,0.8963302752293578,0.7080992933502446,0.7911731956675777,0.9987350734960379
34class,rf,6,DDOS-ICMP_FLOOD,40000,0.9995746384426762,0.998725,0.9991496385964035,0.9999967012534456
34class,rf,7,DDOS-ICMP_FRAGMENTATION,39996,0.9898738630081914,0.9849734973497349,0.9874176003208261,0.9999724934136077
34class,rf,8,DDOS-PSHACK_FLOOD,40000,0.999549222408655,0.997825,0.9986863669915302,0.9999883082413699
34class,rf,9,DDOS-RSTFINFLOOD,40000,1.0,0.9988,0.9993996397838704,0.999991070455491
34class,rf,10,DDOS-SLOWLORIS,4480,0.732471671388102,0.9234375,0.8169431279620853,0.9996606993863275
34class,rf,11,DDOS-SYNONYMOUSIP_FLOOD,40000,0.4594180151900561,0.63665,0.5337049805618719,0.9720515968311607
34class,rf,12,DDOS-SYN_FLOOD,39999,0.4890981419003978,0.2428310707767694,0.32453473219953893,0.964612406410872
34class,rf,13,DDOS-TCP_FLOOD,39999,0.7002250102277376,0.5134878371959299,0.5924910934502603,0.9862240187570821
34class,rf,14,DDOS-UDP_FLOOD,39999,0.649582235181966,0.8688217205430135,0.7433741898222422,0.9910285875254802
34class,rf,15,DDOS-UDP_FRAGMENTATION,39996,0.9917950519395795,0.9882738273827383,0.9900313087038196,0.9999752762832195
34class,rf,16,DICTIONARYBRUTEFORCE,2504,0.9920212765957447,0.14896166134185304,0.2590277777777778,0.9726895519898036
34class,rf,17,DNS_SPOOFING,34293,0.7691407978757033,0.7095033971947627,0.7381194351327984,0.9892277778016048
34class,rf,18,DOS-HTTP_FLOOD,13759,0.8734338358458962,0.9474525764953848,0.9089387812020638,0.9993999814004315
34class,rf,19,DOS-SYN_FLOOD,39999,0.527402968936544,0.5853396334908373,0.5548630201914874,0.9758837630550995
34class,rf,20,DOS-TCP_FLOOD,39999,0.6155291790306627,0.7778944473611841,0.6872522059879181,0.9860840644728128
34class,rf,21,DOS-UDP_FLOOD,39998,0.7992896546512507,0.5288764438221911,0.6365551275878671,0.9909027013189453
34class,rf,22,MIRAI-GREETH_FLOOD,39997,0.9973342051656062,0.991499362452184,0.994408224674022,0.9999657192717308
34class,rf,23,MIRAI-GREIP_FLOOD,39998,0.9931443671627652,0.9959997999899995,0.9945700340777172,0.9999936970394308
34class,rf,24,MIRAI-UDPPLAIN,39997,0.9965233485905806,0.9961247093532015,0.9963239890970017,0.999992180092734
34class,rf,25,MITM-ARPSPOOFING,39998,0.7587516817474345,0.7190859542977149,0.7383864963737886,0.9879106848816359
34class,rf,26,RECON-HOSTDISCOVERY,25735,0.6572620850105247,0.6915873324266563,0.6739879577384784,0.9872211956488577
34class,rf,27,RECON-OSSCAN,18793,0.49797789161499056,0.09828127494279786,0.1641631854946227,0.9628874283007893
34class,rf,28,RECON-PINGSWEEP,432,0.0,0.0,0.0,0.9632063390432428
34class,rf,29,RECON-PORTSCAN,15746,0.5221688034188035,0.24831703289724374,0.33657570801411724,0.9643942925616268
34class,rf,30,SQLINJECTION,1004,0.9148936170212766,0.04282868525896414,0.0818268315889629,0.9678613880358087
34class,rf,31,UPLOADING_ATTACK,239,0.0,0.0,0.0,0.9773819227224146
34class,rf,32,VULNERABILITYSCAN,39999,0.5083784052825431,0.7660691517287932,0.6111715018000857,0.978356167649813
34class,rf,33,XSS,741,0.0,0.0,0.0,0.9788812473629908
34class,xgb,0,BACKDOOR_MALWARE,615,0.35106382978723405,0.05365853658536585,0.0930888575458392,0.9801031468258397
34class,xgb,1,BENIGN,39998,0.620628535011551,0.7791139556977849,0.6908990134131471,0.9855434727315037
34class,xgb,2,BROWSERHIJACKING,1126,0.6949891067538126,0.283303730017762,0.4025236593059937,0.9786475374893934
34class,xgb,3,COMMANDINJECTION,1034,0.6442307692307693,0.25918762088974856,0.3696551724137931,0.9850416986562578
34class,xgb,4,DDOS-ACK_FRAGMENTATION,39996,0.9910417135850662,0.9902240224022403,0.9906326992583699,0.9999839166645343
34class,xgb,5,DDOS-HTTP_FLOOD,5519,0.8875025992929924,0.7733285015401341,0.8264910921766073,0.999202164964211
34class,xgb,6,DDOS-ICMP_FLOOD,40000,0.9998498536072671,0.998875,0.9993621890671702,0.999998206239332
34class,xgb,7,DDOS-ICMP_FRAGMENTATION,39996,0.9873862644895924,0.9903240324032403,0.9888529665089688,0.9999812031435298
34class,xgb,8,DDOS-PSHACK_FLOOD,40000,0.9995495044549004,0.99845,0.9989994496973336,0.9999986022851388
34class,xgb,9,DDOS-RSTFINFLOOD,40000,0.9998999074143583,0.998975,0.9994372397233721,0.9999973623739344
34class,xgb,10,DDOS-SLOWLORIS,4480,0.8674226804123711,0.9390625,0.9018220793140407,0.999849581398135
34class,xgb,11,DDOS-SYNONYMOUSIP_FLOOD,40000,0.45790030709440116,0.6598,0.5406147259747841,0.9723148980836608
34class,xgb,12,DDOS-SYN_FLOOD,39999,0.48684390533084043,0.26690667266681667,0.34478749515566465,0.9650305284026062
34class,xgb,13,DDOS-TCP_FLOOD,39999,0.6900266165648975,0.5509137728443211,0.6126727277782411,0.9865131135641962
34class,xgb,14,DDOS-UDP_FLOOD,39999,0.6982494176257582,0.7568689217230431,0.7263784250683814,0.9912061873154142
34class,xgb,15,DDOS-UDP_FRAGMENTATION,39996,0.99000574669565,0.9906740674067407,0.990339794298854,0.9999830254765635
34class,xgb,16,DICTIONARYBRUTEFORCE,2504,0.7322738386308069,0.23921725239616615,0.36062612883804934,0.9760839660857363
34class,xgb,17,DNS_SPOOFING,34293,0.7673579528227518,0.7380223369200711,0.7524043106651802,0.9913847207778904
34class,xgb,18,DOS-HTTP_FLOOD,13759,0.9024693919900394,0.9482520532015408,0.924794442869294,0.9996283346436206
34class,xgb,19,DOS-SYN_FLOOD,39999,0.5498486427472582,0.5540138503462586,0.551923388251703,0.9766244810679605
34class,xgb,20,DOS-TCP_FLOOD,39999,0.626372710412803,0.7514937873446836,0.6832522616720462,0.9865046301301063
34class,xgb,21,DOS-UDP_FLOOD,39998,0.7337889557135047,0.6710835541777089,0.701036851314999,0.9911207273415835
34class,xgb,22,MIRAI-GREETH_FLOOD,39997,0.9968934763002305,0.9948746155961697,0.9958830227872811,0.9999868016770572
34class,xgb,23,MIRAI-GREIP_FLOOD,39998,0.9970508847345796,0.9973998699934997,0.9972253468316461,0.9999985825069336
34class,xgb,24,MIRAI-UDPPLAIN,39997,0.9981735845280092,0.9974748106107958,0.9978240752319736,0.999996798691569
34class,xgb,25,MITM-ARPSPOOFING,39998,0.7860578839663008,0.7394619730986549,0.762048309178744,0.9900023787729416
34class,xgb,26,RECON-HOSTDISCOVERY,25735,0.6756574031242216,0.7378278608898388,0.7053753854155058,0.9901107294199705
34class,xgb,27,RECON-OSSCAN,18793,0.4462866538777747,0.17330921087639015,0.24966463531485952,0.9659588624984927
34class,xgb,28,RECON-PINGSWEEP,432,0.22727272727272727,0.023148148148148147,0.04201680672268908,0.9650783411882019
34class,xgb,29,RECON-PORTSCAN,15746,0.5049217697647912,0.3094754223294805,0.38374611174548173,0.9682486427177249
34class,xgb,30,SQLINJECTION,1004,0.8125,0.0647410358565737,0.11992619926199262,0.9692085627730349
34class,xgb,31,UPLOADING_ATTACK,239,0.22727272727272727,0.02092050209205021,0.038314176245210725,0.9782927562367364
34class,xgb,32,VULNERABILITYSCAN,39999,0.5568275938230476,0.7563439085977149,0.6414290257606275,0.9810816596844697
34class,xgb,33,XSS,741,0.25,0.043184885290148446,0.07364787111622555,0.9797356068392644
